id,temperature,temp_delta_c,humidity,weight,bee_activity,pressure,voc_ppm,acoustic_hz,ir_entrance_in,ir_entrance_out,pir_motion,battery_v,solar_w,hour_of_day,season_code,health_score,health_status,disease_risk,estimated_harvest_kg
1,34.19,5.4,57.9,42.99,0.2,1013.6,63.1,233.7,10,6,0,3.89,0.0,20,0,96,0,0.08,20.6
2,34.62,5.2,65.5,37.49,1.0,1006.3,30.3,238.2,84,85,0,3.93,0.0,17,3,89,0,0.02,18.3
3,34.57,5.6,48.4,26.69,0.47,1008.9,120.9,198.6,43,46,0,3.77,5.9,8,0,73,1,0.41,7.4
4,34.09,5.2,58.5,33.77,1.0,1005.8,72.1,232.7,78,83,0,3.94,8.9,11,1,96,0,0.08,14.8
5,38.4,7.4,88.0,24.99,0.47,1004.3,216.7,520.5,1,22,0,3.34,0.0,1,1,68,2,0.52,5.9
6,28.88,-1.6,39.6,26.27,0.45,1021.3,169.1,426.6,0,-11,0,3.32,0.0,18,3,59,2,0.58,7.0
7,34.58,1.9,74.4,34.08,0.71,1010.2,92.3,325.4,5,18,0,3.68,0.0,0,0,79,1,0.23,14.4
8,34.03,5.0,67.4,30.43,0.29,1011.6,71.5,242.1,7,9,0,4.12,0.0,6,1,88,0,0.04,10.3
9,35.92,4.2,49.8,31.39,0.61,1007.6,93.2,208.4,1,-6,0,3.83,0.0,2,0,76,1,0.39,11.8
10,34.52,3.1,56.6,42.95,0.21,999.7,40.1,221.8,10,8,0,3.82,0.0,21,2,88,0,0.02,20.6
11,33.03,1.6,77.4,25.32,0.63,1021.6,122.1,358.5,3,-6,0,3.64,0.0,7,2,71,1,0.42,6.4
12,34.28,5.9,66.2,39.28,0.22,1013.7,41.2,216.7,9,6,0,4.15,0.0,3,0,96,0,0.06,17.6
13,42.62,6.5,91.9,16.65,0.22,1016.8,302.1,642.2,0,51,1,3.27,0.9,17,0,42,3,0.86,0.0
14,34.22,5.9,67.6,31.1,0.2,1002.5,56.1,229.0,7,2,0,4.0,0.0,21,3,96,0,0.02,10.7
15,33.13,5.0,76.9,32.17,0.59,1001.1,101.0,198.6,3,9,0,3.57,0.0,19,0,77,1,0.38,12.4
16,35.1,5.6,67.2,41.83,0.16,1001.8,30.4,231.7,3,-1,0,3.93,0.0,20,2,91,0,0.02,19.5
17,36.74,9.1,45.1,25.62,0.48,1013.2,138.1,346.3,28,21,0,3.6,0.0,17,2,80,1,0.35,6.5
18,35.07,7.1,55.7,37.34,0.61,999.8,58.5,239.0,42,37,0,3.86,5.9,8,3,96,0,0.09,17.1
19,34.97,4.3,62.6,49.78,0.25,1006.5,36.7,214.5,6,6,0,4.14,0.0,22,1,91,0,0.03,26.4
20,42.81,16.9,89.3,15.26,0.21,1016.9,390.0,590.7,6,33,0,3.14,1.3,17,3,19,3,0.93,0.0
21,37.78,10.2,39.1,20.24,0.3,1010.2,190.5,531.3,1,-5,0,3.56,0.0,3,3,53,2,0.74,1.7
22,27.82,6.8,95.7,19.1,0.1,1008.5,309.8,574.9,6,74,0,3.18,0.8,21,2,20,3,0.9,0.7
23,33.9,5.1,63.6,45.83,1.0,1014.0,44.9,221.0,94,90,0,3.96,5.7,16,1,90,0,0.04,26.2
24,33.44,5.1,68.0,30.19,0.63,1013.9,103.6,338.0,40,39,0,3.78,5.8,12,1,72,1,0.38,10.7
25,35.13,4.8,58.1,31.02,0.22,1015.2,44.0,238.2,4,-1,0,4.09,0.0,19,2,98,0,0.06,10.7
26,34.01,4.2,63.9,34.81,0.76,1017.2,70.2,240.1,46,47,0,3.98,6.6,12,3,89,0,0.11,15.2
27,42.03,16.0,29.5,17.15,0.18,999.9,394.6,676.0,2,90,0,3.1,1.6,21,2,19,3,0.88,0.0
28,34.25,4.6,62.0,45.54,1.0,1016.5,36.2,218.1,84,81,0,4.01,5.8,9,1,94,0,0.03,26.0
29,38.33,8.5,81.9,27.48,0.39,1007.3,235.3,539.5,3,17,0,3.37,0.0,22,0,58,2,0.54,8.0
30,36.03,8.3,53.8,25.18,0.57,1005.8,119.7,197.8,5,-10,0,3.56,0.0,21,3,80,1,0.27,6.2
31,35.99,5.0,68.8,33.1,0.66,1003.7,86.3,210.0,42,34,0,3.76,5.7,12,2,70,1,0.25,13.4
32,34.11,4.5,64.1,47.11,1.0,1015.2,64.5,215.9,78,74,0,4.02,8.6,15,0,94,0,0.07,27.5
33,34.88,3.6,66.1,41.72,0.19,1000.5,57.0,214.2,2,2,0,4.05,0.0,2,1,94,0,0.01,19.5
34,34.09,6.1,53.7,30.1,0.65,1009.2,102.6,196.1,50,49,0,3.8,5.2,11,3,84,1,0.22,10.7
35,34.49,6.2,59.2,36.15,0.23,1015.3,51.9,222.4,6,6,0,4.01,0.0,19,3,91,0,0.07,15.0
36,35.1,6.9,75.9,32.14,0.58,1004.0,91.0,349.2,39,45,0,3.65,4.7,15,1,84,1,0.28,12.4
37,34.84,5.6,67.4,45.94,0.3,1006.7,61.1,216.7,9,8,0,3.91,0.0,3,1,91,0,0.02,23.4
38,32.61,5.7,68.5,36.22,0.6,999.6,104.0,199.1,51,39,0,3.65,1.9,9,0,85,1,0.21,16.0
39,34.76,3.2,57.0,32.61,0.73,1005.1,66.5,243.2,45,43,0,4.1,4.7,15,0,95,0,0.07,13.1
40,34.67,5.1,62.9,34.64,0.26,1014.5,63.3,243.2,5,10,0,3.87,0.0,18,3,88,0,0.02,13.8
41,34.2,5.6,58.7,47.33,0.83,1004.4,68.7,212.5,54,53,0,4.15,5.8,15,2,98,0,0.07,26.9
42,34.91,6.6,62.7,40.31,0.22,999.0,67.1,242.2,9,5,0,3.9,0.0,4,0,95,0,0.07,18.4
43,32.12,1.0,74.7,24.56,0.65,1009.8,140.9,180.6,37,40,0,3.73,5.6,13,2,83,1,0.25,5.7
44,34.27,5.0,63.7,44.58,0.25,1021.3,68.6,221.5,9,8,0,3.81,0.0,2,3,92,0,0.02,22.1
45,34.6,2.9,69.9,27.74,0.49,1005.5,108.5,198.8,23,14,0,3.81,3.4,12,0,77,1,0.21,8.3
46,35.19,6.2,66.9,50.52,0.19,1011.2,50.8,214.1,4,6,0,3.96,0.0,0,3,95,0,0.06,26.8
47,27.28,4.0,27.5,15.87,0.05,1010.9,388.5,645.4,12,94,0,3.29,1.2,12,1,39,3,0.91,0.0
48,34.56,5.1,60.9,42.58,1.0,1013.9,44.5,216.6,84,82,0,3.82,7.6,11,2,94,0,0.09,23.2
49,33.85,5.6,61.5,41.57,0.23,1016.8,56.6,240.4,9,5,0,3.96,0.0,20,1,90,0,0.08,19.5
50,33.91,-0.1,71.3,36.42,0.58,1015.9,128.8,208.6,60,67,0,3.72,2.2,8,2,79,1,0.37,16.2
51,35.38,8.8,69.7,29.02,0.57,1018.9,104.5,312.4,23,17,0,3.64,4.4,13,0,75,1,0.25,9.6
52,34.62,5.4,58.0,49.83,0.21,1021.1,58.7,226.1,2,4,0,3.97,0.0,19,1,97,0,0.05,26.3
53,34.22,5.1,68.0,37.9,0.25,1011.6,68.4,213.7,8,12,0,3.81,0.0,22,2,94,0,0.1,16.5
54,39.91,7.8,42.0,21.9,0.31,1019.7,183.0,532.3,1,21,0,3.53,0.0,21,0,49,2,0.66,3.1
55,34.42,4.4,62.5,46.44,0.19,1004.5,63.0,213.2,6,6,0,4.0,0.0,20,0,96,0,0.12,23.4
56,40.39,12.5,87.6,27.54,0.31,1017.0,240.4,485.6,0,-11,0,3.5,0.0,5,2,62,2,0.59,7.9
57,34.44,5.5,63.7,44.85,0.21,999.5,60.3,230.5,7,3,0,4.16,0.0,0,2,97,0,0.05,22.2
58,32.56,-0.5,68.4,29.44,0.55,1013.7,149.7,303.5,54,43,0,3.74,3.7,14,2,74,1,0.35,9.9
59,26.14,-12.0,91.6,17.81,0.22,1000.2,305.4,633.4,10,77,1,3.14,0.4,15,3,39,3,0.8,0.0
60,34.27,6.3,67.9,42.9,0.29,1018.6,65.4,217.2,10,8,0,4.09,0.0,6,0,97,0,0.1,20.8
61,34.92,3.9,56.4,42.95,0.18,1009.4,69.0,214.6,7,5,0,3.85,0.0,4,1,89,0,0.06,20.5
62,34.11,4.1,63.0,36.64,1.0,1019.8,62.7,241.8,82,85,0,4.18,8.2,11,0,89,0,0.06,17.5
63,34.01,5.5,56.6,51.88,0.25,1013.7,58.1,230.5,7,8,0,4.03,0.0,2,0,99,0,0.02,28.2
64,35.04,6.7,60.4,36.88,1.0,1018.0,67.2,224.0,86,82,0,4.16,0.0,17,1,95,0,0.09,17.7
65,34.83,6.6,65.6,37.25,0.26,1004.9,55.0,230.5,10,13,0,4.05,0.0,2,3,99,0,0.09,16.0
66,34.51,4.0,57.0,38.09,0.97,1013.4,51.7,239.7,62,65,0,4.11,8.1,9,2,97,0,0.12,18.8
67,34.18,4.1,64.9,42.46,0.17,1007.0,71.5,222.3,4,1,0,4.04,0.0,0,2,99,0,0.01,20.0
68,34.24,4.5,59.2,33.46,0.68,1003.2,72.4,230.9,43,40,0,3.9,7.1,14,2,95,0,0.06,13.8
69,33.96,4.8,63.8,34.85,0.9,1000.9,56.7,228.4,59,54,0,3.88,8.7,16,0,92,0,0.09,15.6
70,34.33,4.6,64.1,31.59,1.0,1007.7,52.5,239.2,91,91,0,3.81,8.6,15,3,97,0,0.1,12.7
71,34.37,2.9,67.6,31.94,0.3,1015.9,37.7,243.2,9,9,0,4.02,0.0,20,3,94,0,0.07,11.6
72,32.37,5.0,49.8,26.07,0.48,1016.5,97.6,190.5,5,16,0,3.56,0.0,7,2,72,1,0.24,6.9
73,35.65,7.1,77.2,26.11,0.47,1008.8,121.7,198.7,60,55,0,3.61,2.4,15,3,72,1,0.21,6.9
74,31.46,2.3,40.5,29.09,0.39,1017.5,210.7,484.8,0,8,1,3.48,0.0,1,2,46,2,0.62,9.3
75,34.04,3.4,58.2,33.49,1.0,999.6,49.7,225.4,73,77,0,3.96,5.4,10,0,98,0,0.08,14.5
76,34.81,6.3,63.5,42.82,0.18,1015.0,70.8,240.6,7,3,0,4.17,0.0,3,3,94,0,0.09,20.4
77,34.7,5.3,59.3,44.21,0.24,1016.4,35.8,234.6,10,6,0,3.94,0.0,2,2,91,0,0.03,21.7
78,23.77,-13.2,29.6,18.63,0.2,1017.4,351.0,719.9,8,34,0,3.21,0.3,6,1,34,3,0.82,0.4
79,34.31,3.6,64.4,41.75,0.23,1011.7,73.6,231.4,9,7,0,3.98,0.0,5,3,93,0,0.1,19.7
80,35.73,9.0,72.2,32.98,0.69,1001.8,95.5,340.5,36,22,0,3.54,5.2,14,3,79,1,0.41,13.4
81,31.64,-0.8,43.0,23.74,0.35,1017.0,253.0,478.1,17,29,1,3.37,1.6,14,1,67,2,0.51,4.7
82,34.96,4.6,64.0,30.12,0.25,1008.2,36.2,234.7,9,13,0,4.12,0.0,4,0,99,0,0.07,10.0
83,33.87,4.5,60.5,43.13,0.7,1011.7,65.7,226.0,47,49,0,3.89,4.3,9,1,97,0,0.06,22.6
84,34.3,6.2,67.4,30.45,0.33,1016.9,54.5,237.5,10,13,0,3.95,0.0,5,0,99,0,0.05,10.4
85,35.02,8.7,51.6,34.91,0.58,1002.8,106.6,334.6,31,42,0,3.72,5.1,11,1,84,1,0.22,14.8
86,34.23,3.0,60.2,34.2,0.19,1008.5,66.7,226.6,2,7,0,4.13,0.0,6,0,89,0,0.05,13.3
87,31.89,4.7,83.5,27.27,0.27,1005.1,252.4,492.7,30,15,0,3.55,2.4,12,3,47,2,0.57,7.6
88,34.42,3.7,60.8,36.04,1.0,1020.9,62.7,241.9,79,80,0,3.83,7.0,14,3,99,0,0.05,16.9
89,33.89,3.8,65.1,33.38,0.19,1007.6,46.5,223.4,2,6,0,3.97,0.0,4,3,90,0,0.02,12.6
90,33.96,5.2,64.6,35.76,0.23,1001.3,52.5,223.5,10,6,0,4.18,0.0,20,2,95,0,0.04,14.7
91,34.8,4.0,68.0,37.64,0.23,1014.8,66.5,243.9,7,12,0,4.14,0.0,2,3,99,0,0.1,16.2
92,33.97,5.7,57.6,42.19,0.16,1007.6,36.2,237.7,2,2,0,4.01,0.0,5,2,89,0,0.08,19.8
93,34.88,6.2,65.7,40.25,0.2,1021.2,33.3,244.0,3,5,0,4.12,0.0,22,3,97,0,0.07,18.3
94,38.06,14.6,88.3,28.46,0.31,1013.4,182.5,552.6,21,19,0,3.47,0.9,13,0,62,2,0.56,8.7
95,34.67,5.0,66.7,31.79,0.19,1013.3,45.2,242.3,2,-3,0,3.9,0.0,18,1,97,0,0.03,11.3
96,33.45,-0.3,76.1,29.82,0.58,1001.1,111.4,348.9,30,29,0,3.55,5.3,15,2,81,1,0.28,10.3
97,34.45,5.2,58.5,49.01,0.87,1016.3,41.2,213.4,58,59,0,4.14,8.0,11,0,99,0,0.11,28.7
98,34.23,4.1,55.3,42.83,0.78,1018.3,72.5,227.7,55,53,0,4.03,8.1,15,3,92,0,0.08,22.6
99,39.67,15.6,82.4,20.74,0.38,1000.3,217.0,447.3,22,20,0,3.38,4.0,13,1,48,2,0.66,2.2
100,34.31,5.0,56.9,30.86,0.67,1012.7,57.1,224.0,42,37,0,4.0,4.3,11,2,90,0,0.11,11.4
101,41.25,2.0,94.6,19.71,0.11,1013.1,349.9,713.0,4,90,0,3.34,1.2,5,3,35,3,0.94,1.2
102,34.72,5.7,67.6,40.57,0.2,1011.7,56.0,218.0,2,6,0,4.09,0.0,19,3,98,0,0.05,18.6
103,34.42,4.2,60.4,50.25,0.34,1022.0,48.6,217.1,10,14,0,3.82,0.0,22,0,91,0,0.03,27.3
104,34.04,2.2,66.9,44.15,1.0,1021.6,45.4,222.4,89,94,0,3.87,4.9,15,3,91,0,0.07,24.7
105,34.35,6.1,73.6,31.6,0.69,1015.1,145.7,188.6,56,62,0,3.62,4.9,9,1,71,1,0.24,12.1
106,35.59,6.3,76.3,34.37,0.51,1015.2,102.6,188.1,26,30,1,3.82,2.1,11,3,73,1,0.26,14.2
107,34.57,4.0,67.1,44.31,0.3,1003.6,48.3,242.7,9,11,0,3.91,0.0,3,1,89,0,0.02,22.1
108,31.53,-0.1,88.1,29.37,0.49,1020.3,259.7,475.6,3,-6,0,3.56,0.0,23,0,63,2,0.48,9.8
109,34.7,3.8,61.8,36.0,1.0,1017.0,70.0,214.7,72,74,0,4.08,7.1,10,2,88,0,0.09,16.9
110,35.0,5.5,66.7,44.72,0.16,1008.7,67.2,228.0,3,4,0,3.92,0.0,18,1,92,0,0.04,21.9
111,34.81,4.0,55.1,32.6,0.7,1013.3,59.4,234.2,43,48,0,3.99,8.4,8,2,92,0,0.09,13.0
112,33.05,2.8,69.5,30.59,0.6,1010.7,133.6,192.5,55,69,0,3.58,2.2,9,2,72,1,0.39,11.0
113,31.32,7.2,36.8,21.16,0.3,1008.0,213.7,443.0,21,29,0,3.33,2.3,11,0,59,2,0.7,2.5
114,34.74,2.8,59.0,42.72,0.12,1009.3,31.0,218.9,2,0,0,3.82,0.0,18,0,89,0,0.12,20.1
115,33.99,3.4,63.3,39.87,0.99,1006.3,62.8,243.7,63,64,0,3.83,8.8,9,3,90,0,0.11,20.6
116,34.82,6.2,57.9,44.82,0.24,1002.5,30.2,210.8,6,8,0,4.11,0.0,5,3,93,0,0.04,22.3
117,34.72,3.7,63.0,31.48,0.21,1007.7,72.1,241.1,5,3,0,4.06,0.0,23,0,91,0,0.11,11.0
118,35.73,6.4,77.9,34.82,0.67,1004.6,100.2,197.3,4,8,0,3.81,0.0,7,1,77,1,0.45,15.0
119,34.05,5.6,77.7,29.83,0.49,1015.0,146.2,203.6,40,47,0,3.76,0.0,17,1,77,1,0.32,10.2
120,35.15,5.6,62.2,44.23,0.85,1012.5,36.0,218.5,53,53,0,3.84,7.5,14,0,92,0,0.03,24.1
121,34.87,3.2,64.4,51.05,0.18,1014.7,55.1,226.8,7,6,0,4.17,0.0,1,0,95,0,0.02,27.2
122,34.14,3.1,59.2,35.75,0.23,1005.7,42.7,226.3,7,6,0,3.84,0.0,22,1,95,0,0.12,14.6
123,33.86,3.9,66.2,42.74,0.29,1013.7,63.4,210.6,10,14,0,3.93,0.0,6,2,91,0,0.05,20.7
124,34.95,3.2,67.6,33.72,0.22,1010.6,58.9,227.2,4,4,0,4.15,0.0,21,2,98,0,0.07,12.9
125,33.98,3.7,47.1,32.65,0.63,1007.9,131.0,330.6,2,-12,0,3.67,0.0,2,0,70,1,0.32,12.9
126,34.2,5.1,61.5,50.2,0.18,1007.5,61.4,225.1,4,0,0,4.04,0.0,0,2,93,0,0.04,26.5
127,34.14,6.1,64.1,51.82,0.76,1002.1,43.5,239.0,45,50,0,3.95,5.6,11,3,98,0,0.06,30.7
128,33.59,0.2,53.8,27.8,0.7,1005.5,143.2,186.9,56,56,0,3.6,3.7,15,3,75,1,0.36,8.7
129,35.42,5.4,68.8,36.55,0.54,1021.4,95.6,363.5,3,9,0,3.55,0.0,6,1,72,1,0.45,16.2
130,34.97,5.3,59.4,30.65,0.23,1014.3,64.6,243.4,8,8,0,3.99,0.0,1,0,94,0,0.05,10.4
131,34.67,2.9,65.4,45.66,0.22,1008.7,62.1,212.9,4,5,0,3.92,0.0,21,3,88,0,0.02,22.9
132,34.06,3.0,60.8,37.79,0.6,1015.4,55.0,224.3,41,37,0,3.92,5.6,8,0,94,0,0.04,17.4
133,34.04,2.2,59.9,31.39,1.0,1015.3,36.2,220.5,71,68,0,3.98,0.0,17,1,92,0,0.02,12.5
134,33.99,2.2,55.1,39.68,0.94,1002.8,47.8,239.5,64,64,0,4.05,6.8,15,1,97,0,0.04,20.2
135,41.23,4.3,29.4,19.72,0.12,998.6,356.4,605.8,6,65,1,3.2,1.2,10,1,33,3,0.89,1.2
136,26.79,-15.0,25.6,14.97,0.1,1009.5,397.2,732.9,10,93,1,3.05,0.8,23,3,26,3,0.86,0.0
137,34.91,4.2,59.7,32.41,1.0,1007.6,70.3,228.8,80,76,0,3.86,6.9,12,3,98,0,0.07,13.5
138,33.94,4.0,57.9,34.86,1.0,1005.1,63.6,229.5,84,88,0,4.06,7.3,10,3,88,0,0.03,15.8
139,38.22,2.6,86.6,27.22,0.36,1013.6,212.1,468.8,0,8,1,3.31,0.0,2,0,45,2,0.67,7.7
140,41.79,8.8,28.0,18.41,0.08,1007.3,334.0,656.3,12,81,0,3.14,1.5,21,1,26,3,0.96,0.2
141,34.85,5.6,65.5,38.05,0.23,1007.3,32.8,213.6,10,7,0,4.05,0.0,22,1,98,0,0.06,16.6
142,34.98,5.0,63.0,42.98,0.93,1008.0,66.6,234.7,59,63,0,3.89,4.1,12,0,90,0,0.05,23.3
143,34.48,2.7,62.0,33.67,0.2,1009.6,71.4,242.6,4,7,0,4.12,0.0,4,3,93,0,0.08,12.8
144,24.97,-11.3,28.7,19.57,0.09,1016.4,396.0,662.4,1,33,1,3.08,0.6,6,3,30,3,0.94,1.1
145,34.18,3.2,62.1,46.72,1.0,1005.1,74.6,229.0,88,83,0,3.96,0.0,17,0,98,0,0.09,27.1
146,35.01,4.5,56.1,47.84,0.21,1016.8,68.9,214.1,5,3,0,4.07,0.0,1,3,90,0,0.08,24.6
147,34.55,2.6,62.8,42.6,0.26,1016.9,37.6,244.3,6,5,0,4.14,0.0,6,0,90,0,0.1,20.5
148,31.46,3.1,85.8,21.42,0.41,1016.0,242.8,526.6,3,14,0,3.41,0.0,1,2,47,2,0.5,2.8
149,34.48,3.2,62.6,43.97,0.22,1009.9,69.1,239.7,3,5,0,4.1,0.0,22,2,94,0,0.05,21.5
150,34.61,6.6,62.4,31.01,1.0,1021.0,51.8,222.0,83,78,0,3.81,8.6,10,2,95,0,0.03,12.2
151,31.5,8.0,35.8,23.96,0.33,1003.1,196.0,431.5,1,-16,0,3.37,0.0,6,1,67,2,0.66,4.9
152,34.53,5.2,60.8,45.27,0.19,1019.1,30.4,222.0,3,4,0,3.83,0.0,2,1,89,0,0.1,22.4
153,35.62,2.7,77.9,30.16,0.65,1000.1,94.3,180.3,5,-5,0,3.55,0.0,4,3,84,1,0.3,10.7
154,34.83,7.2,77.6,31.75,0.61,1012.6,105.4,307.7,0,-8,0,3.77,0.0,3,1,79,1,0.37,12.1
155,33.88,5.4,66.7,40.99,0.18,1018.7,73.0,227.3,3,1,0,4.17,0.0,6,3,93,0,0.12,18.8
156,34.76,5.7,64.9,31.49,0.18,1015.1,73.0,237.0,2,6,0,3.82,0.0,18,3,96,0,0.1,11.0
157,32.4,0.8,74.2,26.18,0.54,1015.5,103.0,331.1,33,43,0,3.77,4.2,13,3,79,1,0.36,7.0
158,35.09,4.0,56.5,30.28,0.14,1015.3,57.6,211.9,4,0,1,3.99,0.0,7,0,96,0,0.05,9.9
159,34.89,4.9,58.5,47.76,0.15,1010.3,69.9,237.0,2,2,0,4.07,0.0,5,2,89,0,0.07,24.3
160,28.63,-8.3,43.0,28.59,0.25,1018.6,227.4,436.1,0,-18,1,3.41,0.0,1,3,50,2,0.73,8.7
161,34.15,2.3,66.9,32.63,1.0,999.7,44.4,238.9,76,76,0,3.88,0.0,17,3,88,0,0.07,13.7
162,33.49,6.3,72.6,30.49,0.61,1020.4,109.0,358.5,59,51,0,3.77,2.0,14,2,77,1,0.43,11.0
163,34.69,3.9,64.0,32.29,0.25,1000.2,30.4,221.7,8,7,0,3.99,0.0,0,1,90,0,0.02,11.8
164,33.79,0.4,45.8,31.95,0.57,1007.4,91.2,362.0,0,3,0,3.58,0.0,7,3,80,1,0.27,12.2
165,34.18,4.4,56.0,32.32,0.16,1009.1,39.1,237.3,3,0,0,3.85,0.0,23,2,91,0,0.05,11.6
166,34.76,3.5,65.7,32.01,0.19,1002.2,61.4,211.4,7,4,0,4.0,0.0,3,0,92,0,0.08,11.4
167,34.57,6.3,56.2,31.36,0.73,1012.1,34.6,237.8,47,42,0,3.88,5.7,12,3,98,0,0.09,12.0
168,25.88,-9.1,25.8,20.6,0.06,1002.1,397.1,736.0,1,35,0,3.15,1.4,2,0,24,3,0.88,1.9
169,34.42,3.8,56.9,39.06,0.24,1017.1,57.6,231.6,6,8,0,3.91,0.0,6,1,91,0,0.03,17.4
170,41.4,9.8,29.4,15.26,0.1,1016.4,406.9,665.6,6,64,1,3.31,1.6,7,0,27,3,0.79,0.0
171,34.72,6.0,58.5,42.67,0.21,1012.2,66.7,242.1,2,0,0,4.16,0.0,7,1,90,0,0.12,20.3
172,30.8,1.2,40.1,23.09,0.37,1006.0,216.3,446.4,3,17,1,3.37,0.0,23,2,61,2,0.54,4.2
173,28.71,-2.7,42.8,28.46,0.47,1006.1,166.0,440.7,1,-12,0,3.41,0.0,19,1,57,2,0.73,8.9
174,41.59,21.6,29.4,15.56,0.15,1014.8,317.6,712.7,8,75,1,3.11,1.4,10,1,35,3,0.81,0.0
175,38.99,3.9,81.5,21.41,0.44,1014.1,240.9,505.6,0,11,1,3.59,0.0,18,3,47,2,0.53,2.8
176,34.17,4.8,58.2,31.06,0.15,1007.0,33.1,219.0,3,-2,0,3.86,0.0,23,2,94,0,0.06,10.6
177,33.9,3.5,66.0,37.52,0.74,1012.7,43.3,221.2,46,42,0,3.83,8.7,15,1,93,0,0.12,17.6
178,34.72,5.7,62.9,51.44,0.89,999.2,49.5,211.9,61,59,0,4.15,6.5,15,0,92,0,0.08,31.0
179,34.31,5.1,60.6,32.13,0.22,1007.5,43.3,233.2,9,7,0,4.17,0.0,18,3,89,0,0.06,11.6
180,34.56,6.2,57.4,35.79,0.97,1014.0,69.8,222.9,68,63,0,3.9,3.8,15,2,98,0,0.09,16.6
181,25.32,-7.3,32.4,17.33,0.06,1021.6,332.8,673.2,7,60,0,3.25,1.0,17,3,37,3,0.96,0.0
182,27.69,6.2,89.7,15.41,0.19,1007.3,298.9,559.8,1,85,1,3.21,0.6,4,0,37,3,0.93,0.0
183,40.21,5.6,85.7,21.5,0.39,1018.8,218.8,529.4,8,14,0,3.59,0.9,12,2,48,2,0.51,2.8
184,34.72,3.7,62.4,43.6,0.96,1020.1,51.3,216.0,65,62,0,3.95,8.3,11,3,88,0,0.09,24.0
185,34.91,5.2,59.0,51.39,1.0,1013.5,67.9,240.0,83,79,0,4.08,7.8,11,0,99,0,0.05,31.5
186,34.95,3.5,64.6,47.41,0.15,998.7,64.2,240.4,2,5,0,3.95,0.0,6,3,96,0,0.1,24.0
187,29.83,-1.6,41.3,29.23,0.42,1006.4,187.4,535.3,3,23,1,3.45,0.0,6,1,60,2,0.6,9.5
188,35.31,5.5,71.9,27.15,0.51,1001.2,95.6,208.9,1,6,0,3.68,0.0,5,2,70,1,0.42,7.8
189,34.65,3.3,67.3,49.7,0.27,1007.5,62.1,234.8,6,7,0,3.88,0.0,5,0,96,0,0.04,26.5
190,34.73,5.7,66.0,45.06,0.22,1015.1,46.8,232.7,6,5,0,3.91,0.0,3,0,92,0,0.05,22.4
191,34.52,4.9,58.1,37.03,0.25,1015.7,32.6,240.0,8,13,1,3.99,0.0,20,2,94,0,0.04,15.8
192,34.8,6.3,63.9,36.6,0.22,1004.2,58.7,226.7,7,10,0,4.01,0.0,18,1,95,0,0.04,15.3
193,42.14,8.4,89.8,15.82,0.1,1009.3,400.7,646.7,5,77,0,3.16,1.7,17,1,42,3,0.9,0.0
194,29.19,-0.6,87.4,28.93,0.5,1013.1,173.7,448.0,3,19,1,3.56,0.0,6,0,47,2,0.53,9.4
195,32.02,1.7,75.6,32.6,0.62,1015.5,96.0,194.7,0,-11,0,3.84,0.0,5,2,71,1,0.3,12.9
196,34.55,4.9,68.0,25.44,0.59,1010.5,132.7,367.7,2,-9,0,3.52,0.0,0,2,79,1,0.21,6.4
197,34.76,3.9,56.7,33.63,1.0,1012.2,74.8,227.2,88,86,0,3.81,4.7,16,2,91,0,0.12,14.7
198,34.71,6.2,55.5,31.07,0.35,1008.7,69.4,219.0,10,14,0,4.05,0.0,5,0,99,0,0.01,11.0
199,34.01,3.1,64.0,41.45,0.23,1000.8,58.4,220.5,3,8,0,3.96,0.0,3,2,96,0,0.11,19.4
200,34.65,5.8,65.1,36.5,0.2,998.3,67.4,244.1,7,8,0,3.88,0.0,3,0,93,0,0.11,15.2
201,37.52,1.5,83.6,22.31,0.5,1018.5,232.4,434.2,2,23,0,3.44,0.0,2,0,50,2,0.51,3.6
202,33.96,2.7,66.1,44.24,0.76,1002.4,70.1,210.3,48,53,0,4.16,5.0,11,2,93,0,0.09,23.8
203,24.31,-8.2,32.2,18.87,0.06,1008.5,367.3,733.3,1,46,0,3.06,0.8,12,3,37,3,0.9,0.5
204,34.93,1.1,52.9,36.43,0.57,1014.1,132.3,194.5,3,-9,1,3.73,0.0,19,3,77,1,0.2,16.1
205,34.82,3.3,61.3,49.63,0.79,999.8,59.9,232.4,49,52,1,4.16,6.3,10,0,95,0,0.06,28.9
206,35.16,4.2,55.7,31.73,0.94,998.4,40.0,232.5,65,63,0,3.83,6.2,15,2,95,0,0.04,12.7
207,34.57,3.2,65.7,49.58,1.0,1006.0,65.6,243.7,80,79,0,3.97,5.4,12,3,91,0,0.1,29.8
208,33.74,6.6,69.0,35.2,0.6,1015.2,127.8,315.5,5,20,0,3.54,0.0,19,3,85,1,0.42,15.1
209,34.66,6.2,57.4,45.77,0.21,1019.4,71.9,223.8,9,7,0,4.15,0.0,23,3,97,0,0.1,22.9
210,26.42,-4.7,28.9,18.84,0.08,1007.2,357.8,762.6,12,52,0,3.04,1.3,14,1,22,3,0.9,0.5
211,35.15,4.2,67.6,45.4,0.3,1011.3,50.4,214.7,8,12,0,4.07,0.0,19,1,99,0,0.1,23.0
212,34.8,4.5,63.9,41.93,0.23,1014.0,71.5,214.6,4,7,0,4.09,0.0,6,1,97,0,0.07,19.8
213,28.05,5.6,82.2,29.84,0.42,1017.5,165.3,427.9,13,3,1,3.32,3.2,13,2,62,2,0.54,10.0
214,34.69,7.1,75.8,29.83,0.66,1018.9,136.9,346.4,3,0,0,3.84,0.0,3,1,78,1,0.21,10.5
215,39.27,10.4,39.9,24.49,0.5,1011.4,220.3,528.7,11,9,1,3.59,3.1,14,1,46,2,0.51,5.5
216,34.16,4.0,59.3,43.13,0.23,999.7,61.9,215.4,4,4,0,4.12,0.0,4,1,97,0,0.04,20.8
217,35.14,6.2,61.8,38.88,0.28,1016.1,65.4,215.6,10,13,0,4.05,0.0,22,2,92,0,0.05,17.4
218,42.95,7.1,93.4,20.71,0.17,998.6,336.9,758.0,9,61,1,3.32,1.9,16,3,29,3,0.86,2.1
219,34.51,3.8,61.3,31.81,0.88,1016.6,43.3,232.8,60,63,0,4.09,6.4,16,2,91,0,0.08,12.7
220,31.31,0.4,41.7,21.54,0.36,1011.8,203.5,534.3,0,23,0,3.33,0.0,21,3,53,2,0.49,2.9
221,34.43,5.0,60.3,30.13,0.23,1010.1,44.2,223.6,3,6,0,4.08,0.0,7,2,89,0,0.02,10.0
222,33.35,-0.4,48.4,34.45,0.67,998.3,138.4,295.6,34,23,0,3.6,4.2,9,2,81,1,0.27,14.6
223,33.81,5.2,62.8,46.46,0.92,1002.4,54.2,243.1,59,57,0,3.96,0.0,17,1,96,0,0.08,26.5
224,34.05,4.1,65.4,44.18,0.24,1005.9,68.4,239.8,10,12,0,3.9,0.0,19,2,97,0,0.03,21.7
225,34.67,5.7,66.7,33.35,0.26,1003.3,44.3,225.8,6,10,0,4.16,0.0,4,1,93,0,0.03,12.7
226,34.3,2.9,63.8,47.04,0.26,1001.4,44.9,226.8,9,9,0,4.05,0.0,23,3,92,0,0.02,24.2
227,35.04,6.0,56.0,30.69,1.0,1019.5,33.4,210.7,72,77,0,4.02,0.0,17,1,96,0,0.11,11.9
228,32.71,0.6,76.9,25.27,0.55,1001.4,123.3,184.0,52,53,1,3.58,0.0,17,3,75,1,0.44,6.2
229,34.59,4.5,66.3,34.81,0.21,1017.0,36.6,235.6,7,2,0,3.94,0.0,5,1,91,0,0.01,13.8
230,37.14,6.8,79.1,25.79,0.39,1007.0,256.8,508.7,13,9,0,3.41,2.6,12,3,47,2,0.72,6.5
231,35.01,5.6,61.3,39.68,0.23,1015.2,51.7,231.1,10,7,0,3.91,0.0,7,3,90,0,0.03,17.9
232,34.26,4.2,56.5,48.33,0.18,1019.4,60.4,226.8,4,9,0,4.02,0.0,3,1,98,0,0.03,24.9
233,35.09,6.4,61.7,48.07,0.25,1017.9,48.2,243.9,2,7,0,4.03,0.0,4,0,95,0,0.06,25.0
234,35.94,3.3,74.6,32.27,0.51,1012.5,102.2,190.3,3,7,0,3.54,0.0,19,1,83,1,0.25,12.3
235,40.07,3.1,86.3,26.49,0.38,1009.6,169.3,512.3,0,23,0,3.31,0.0,5,3,52,2,0.62,7.1
236,34.84,6.8,64.9,40.5,0.72,1015.8,61.4,213.4,48,47,0,3.91,8.3,12,2,91,0,0.05,20.2
237,34.33,5.2,57.7,39.37,0.18,1014.3,66.2,224.3,3,0,0,4.0,0.0,0,0,97,0,0.07,17.5
238,34.58,5.7,57.3,37.58,0.27,1016.8,55.2,226.9,6,10,0,4.12,0.0,6,3,99,0,0.08,16.3
239,34.36,4.7,59.4,38.56,0.17,999.5,54.8,234.4,2,-1,0,4.11,0.0,5,0,97,0,0.06,16.8
240,33.85,5.9,60.0,45.66,0.28,1018.4,74.3,231.5,10,9,0,4.11,0.0,7,2,95,0,0.08,23.1
241,34.9,5.3,61.6,37.91,1.0,1012.1,61.4,231.5,83,78,0,3.83,5.0,16,2,98,0,0.05,18.7
242,32.33,1.8,70.8,32.49,0.5,1010.1,138.9,190.4,37,29,0,3.7,2.3,16,0,73,1,0.3,12.5
243,40.07,10.4,40.2,27.7,0.44,1004.2,229.4,555.2,23,33,0,3.44,2.1,10,0,45,2,0.64,8.2
244,33.1,5.4,77.6,25.3,0.63,1011.8,118.6,363.2,35,29,0,3.53,5.7,12,1,81,1,0.32,6.4
245,34.08,4.1,64.6,48.4,0.19,998.2,69.3,217.2,5,3,0,3.85,0.0,5,1,98,0,0.02,25.0
246,29.26,-7.7,42.9,22.8,0.31,998.8,217.5,458.5,10,22,0,3.32,0.0,17,0,60,2,0.7,3.9
247,38.6,9.1,83.7,23.79,0.28,1012.7,191.6,421.2,26,19,0,3.56,1.2,11,3,53,2,0.55,4.7
248,34.09,3.9,64.1,33.96,0.84,1018.6,46.8,239.9,57,59,0,3.89,4.0,11,1,91,0,0.04,14.6
249,38.66,13.3,82.6,23.0,0.39,1004.1,173.4,545.1,2,13,0,3.42,0.0,6,1,46,2,0.67,4.1
250,34.27,3.7,59.7,30.44,0.19,1010.9,55.2,242.6,6,6,0,4.17,0.0,20,0,97,0,0.03,10.1
251,34.51,4.2,65.1,40.2,1.0,1018.4,50.1,212.7,79,78,0,4.04,8.6,9,2,97,0,0.06,20.9
252,34.12,4.4,59.1,49.53,0.27,1002.4,43.1,219.4,8,7,0,4.08,0.0,2,0,95,0,0.07,26.3
253,35.18,8.4,51.3,36.3,0.6,1012.8,90.2,290.3,0,14,1,3.64,0.0,0,1,72,1,0.39,16.1
254,34.15,2.4,58.7,30.77,0.15,1011.2,58.2,214.6,4,-1,0,4.13,0.0,2,3,96,0,0.06,10.3
255,34.44,5.4,64.7,50.0,0.27,1005.3,69.5,225.2,10,9,0,3.83,0.0,4,1,94,0,0.04,26.7
256,34.46,5.7,55.1,30.2,0.25,1019.2,71.5,243.1,9,8,0,3.89,0.0,0,1,93,0,0.01,10.1
257,34.8,3.8,63.4,43.76,0.72,1017.4,67.3,217.7,45,46,0,4.03,7.3,13,3,98,0,0.04,23.2
258,29.16,0.2,84.8,20.19,0.26,998.2,187.2,507.2,11,11,0,3.36,0.9,13,1,67,2,0.55,1.7
259,34.1,3.0,60.5,45.33,0.2,999.7,65.4,227.4,7,9,0,4.09,0.0,2,1,92,0,0.03,22.5
260,34.98,4.9,65.6,38.47,1.0,1021.6,67.3,214.3,89,87,0,4.18,4.6,15,1,89,0,0.09,19.3
261,33.5,4.9,74.3,32.94,0.5,1002.0,87.7,195.6,36,36,0,3.8,2.1,15,3,83,1,0.23,12.9
262,34.14,5.9,67.6,33.41,1.0,1006.5,56.1,234.2,84,88,0,3.99,7.3,8,0,98,0,0.05,14.4
263,34.13,4.3,67.8,30.47,0.24,1005.1,65.5,236.5,9,7,0,3.9,0.0,4,0,99,0,0.01,10.3
264,34.06,3.0,59.5,31.52,0.22,1010.1,63.0,219.6,10,7,0,3.9,0.0,22,3,88,0,0.05,11.1
265,38.27,11.1,81.5,25.24,0.37,1000.3,166.3,555.4,3,-5,0,3.48,0.0,23,1,65,2,0.57,6.0
266,35.11,6.1,57.3,30.7,0.2,1006.8,31.4,213.7,5,1,0,3.99,0.0,21,0,97,0,0.08,10.4
267,35.09,6.9,63.5,31.34,0.3,1012.8,71.8,239.1,9,14,0,3.96,0.0,19,0,99,0,0.05,11.1
268,36.01,3.9,70.2,26.7,0.63,1011.8,118.8,303.1,44,35,0,3.83,3.8,16,0,73,1,0.34,7.6
269,34.05,4.7,75.9,30.2,0.55,1013.2,120.7,199.7,4,8,0,3.85,0.0,21,3,81,1,0.28,10.6
270,34.7,8.6,75.7,29.56,0.65,1021.6,145.2,376.2,3,18,0,3.71,0.0,23,2,79,1,0.33,10.2
271,34.95,3.4,64.0,50.37,0.27,1004.0,42.4,229.4,10,14,0,3.94,0.0,6,2,93,0,0.03,27.0
272,34.36,6.3,66.9,33.8,1.0,1017.4,63.0,235.3,90,92,0,4.02,8.5,8,2,92,0,0.08,14.8
273,36.42,7.8,76.8,33.14,0.61,1011.6,113.2,183.6,34,42,1,3.77,2.9,12,0,71,1,0.28,13.3
274,34.74,6.5,68.0,31.98,1.0,1007.6,73.7,236.3,76,79,0,3.86,5.3,10,1,99,0,0.06,13.1
275,34.88,5.8,56.7,44.35,0.24,1008.3,36.1,229.6,9,10,0,4.08,0.0,2,3,89,0,0.04,21.9
276,34.38,6.2,59.7,33.72,0.15,1017.6,38.6,222.1,2,1,0,4.11,0.0,21,0,95,0,0.08,12.8
277,34.82,3.8,56.1,30.3,0.21,1003.1,63.3,218.5,4,3,0,3.97,0.0,6,2,91,0,0.01,10.1
278,34.67,4.2,67.9,49.93,0.98,999.3,61.3,233.4,64,68,0,3.82,0.0,17,2,99,0,0.03,30.0
279,34.72,6.3,63.6,36.43,0.19,1005.6,71.1,222.6,3,-2,0,4.17,0.0,20,0,99,0,0.07,15.1
280,34.5,4.0,61.0,36.71,0.23,1003.7,71.7,210.8,5,8,0,3.81,0.0,19,0,93,0,0.09,15.4
281,40.08,4.1,42.3,21.52,0.47,1014.5,162.9,497.7,13,7,0,3.33,1.8,16,2,64,2,0.74,2.9
282,34.4,2.8,59.1,44.35,0.75,1008.3,57.2,225.7,48,46,0,3.88,4.3,13,1,96,0,0.09,23.9
283,34.58,2.9,67.3,46.84,0.21,1004.6,35.3,221.1,4,-1,0,3.96,0.0,4,1,98,0,0.06,23.8
284,33.84,2.4,67.8,35.11,0.26,1009.3,57.8,231.2,5,9,0,4.06,0.0,6,0,96,0,0.06,14.2
285,34.34,6.0,61.2,50.36,0.26,1020.3,37.4,217.9,8,3,0,4.06,0.0,20,2,91,0,0.03,27.0
286,36.16,6.6,48.8,32.56,0.65,1017.8,135.5,204.7,40,37,0,3.68,5.4,14,3,73,1,0.4,12.9
287,34.35,5.2,64.6,36.41,0.15,1020.1,55.1,228.1,2,0,0,4.11,0.0,1,1,94,0,0.06,15.0
288,34.7,3.2,56.2,38.65,0.24,1000.2,52.5,216.3,10,7,1,3.97,0.0,22,1,91,0,0.11,17.1
289,32.59,5.3,72.5,37.3,0.55,1001.5,108.6,191.5,52,56,0,3.77,5.6,10,1,74,1,0.34,16.9
290,34.23,4.0,65.0,51.13,0.12,998.1,50.1,231.9,3,0,0,3.8,0.0,22,0,95,0,0.06,26.9
291,34.72,4.1,60.9,49.41,0.62,998.9,49.9,231.0,40,38,0,4.11,4.6,15,1,88,0,0.03,27.9
292,33.92,3.6,56.4,44.54,0.27,1020.4,74.7,215.6,6,10,0,4.01,0.0,1,2,99,0,0.12,22.1
293,35.06,4.3,65.7,40.36,0.14,1012.7,64.1,239.5,3,2,0,3.93,0.0,2,2,91,0,0.06,18.2
294,34.76,3.9,67.1,41.56,0.28,1009.9,74.4,220.1,7,6,0,3.85,0.0,3,0,96,0,0.07,19.7
295,36.7,5.2,68.2,29.8,0.54,1004.1,125.7,364.8,4,2,0,3.72,0.0,5,1,76,1,0.2,10.2
296,34.57,4.7,65.0,43.55,0.23,1009.4,35.1,221.7,8,12,0,3.93,0.0,2,2,98,0,0.05,21.2
297,34.68,4.4,66.6,48.37,0.2,1006.0,54.2,221.7,8,3,0,3.92,0.0,1,1,91,0,0.07,25.0
298,22.19,0.3,30.6,18.17,0.2,1019.0,396.4,681.3,6,53,0,3.25,0.6,11,0,25,3,0.79,0.0
299,30.1,3.1,82.1,25.06,0.45,1005.9,163.7,448.3,7,15,0,3.35,1.7,11,3,61,2,0.61,6.0
300,33.85,2.8,60.0,45.12,0.2,1015.9,68.9,214.1,6,1,0,3.98,0.0,3,1,96,0,0.02,22.3
301,33.01,2.6,70.9,26.2,0.48,1004.5,119.6,200.1,2,-9,0,3.7,0.0,0,2,81,1,0.23,7.0
302,34.04,5.3,59.0,30.64,0.2,1012.3,70.2,228.9,2,-1,0,3.95,0.0,22,2,94,0,0.02,10.3
303,33.5,3.7,51.4,25.85,0.67,1020.7,128.6,209.2,3,6,0,3.66,0.0,18,3,84,1,0.31,6.9
304,30.8,-0.4,86.7,24.75,0.34,1010.2,248.2,483.5,0,-16,0,3.35,0.0,4,2,64,2,0.69,5.6
305,34.71,5.0,65.3,43.66,0.97,1021.5,54.0,224.0,66,64,0,3.95,5.4,12,0,97,0,0.1,24.1
306,34.13,5.8,63.6,43.03,0.23,1000.6,33.5,242.6,9,5,0,4.11,0.0,18,2,94,0,0.03,20.7
307,34.7,4.0,55.8,44.54,0.15,1005.6,39.8,214.9,2,-1,0,4.03,0.0,19,3,91,0,0.06,21.7
308,39.51,4.4,43.9,28.53,0.27,1006.6,218.3,505.6,3,-9,0,3.59,0.0,18,2,62,2,0.48,8.7
309,34.78,6.2,60.1,41.99,0.97,1021.9,44.3,223.4,64,65,0,3.87,5.6,9,0,94,0,0.11,22.5
310,33.9,2.2,55.2,31.86,0.25,1013.0,62.5,227.0,8,5,0,3.97,0.0,21,1,97,0,0.1,11.4
311,34.43,4.1,59.6,48.63,1.0,1014.9,38.4,231.2,76,78,0,3.96,6.5,14,3,88,0,0.05,28.9
312,26.38,-7.5,32.7,17.66,0.15,1017.2,382.6,614.3,8,40,1,3.22,1.3,3,3,33,3,0.91,0.0
313,37.04,4.9,88.0,22.89,0.26,1011.9,217.4,466.4,16,14,0,3.52,3.0,9,0,46,2,0.63,3.9
314,33.4,0.1,45.2,25.86,0.53,1015.7,116.5,287.7,2,-5,0,3.5,0.0,18,0,75,1,0.23,6.7
315,34.05,3.0,65.2,37.54,0.2,1007.9,40.6,216.3,10,5,0,4.15,0.0,21,3,95,0,0.03,16.1
316,35.48,4.0,73.8,26.35,0.56,1007.4,139.7,306.4,27,13,0,3.76,4.8,12,1,82,1,0.33,7.2
317,34.41,3.0,58.8,45.02,0.87,1006.0,65.9,223.4,60,63,0,4.04,8.8,8,1,98,0,0.06,25.0
318,34.62,3.3,61.0,46.95,1.0,998.3,60.4,218.5,83,87,0,4.18,5.2,8,0,88,0,0.01,27.3
319,33.69,0.8,47.3,36.52,0.51,1001.1,87.2,181.7,4,10,0,3.54,0.0,3,0,72,1,0.44,16.1
320,37.89,3.5,88.3,26.92,0.42,1007.2,223.9,549.2,2,9,0,3.38,0.0,21,1,53,2,0.69,7.5
321,34.94,3.2,57.3,38.64,0.84,1015.2,33.1,244.3,52,56,0,4.01,5.9,10,0,89,0,0.08,18.9
322,34.6,4.3,58.3,44.09,0.27,1010.4,50.1,241.4,4,9,0,3.9,0.0,3,0,94,0,0.09,21.8
323,34.98,5.8,65.2,50.99,0.69,999.3,65.3,228.9,40,41,0,4.02,8.6,15,3,98,0,0.05,29.6
324,34.99,3.4,59.4,34.47,0.26,1013.1,67.9,236.6,6,11,0,4.05,0.0,20,0,94,0,0.04,13.7
325,34.69,2.8,64.6,35.25,1.0,998.4,36.3,216.8,86,90,0,4.04,6.2,11,3,95,0,0.12,16.2
326,34.81,6.2,60.3,50.68,1.0,1013.7,39.5,232.9,73,75,0,4.08,4.8,10,0,99,0,0.02,30.9
327,34.71,5.8,55.2,40.04,1.0,1017.3,58.5,241.7,92,88,0,4.11,4.1,15,0,97,0,0.06,20.7
328,39.37,11.5,88.7,27.64,0.4,1002.0,217.6,439.2,30,23,0,3.34,1.0,13,2,67,2,0.59,8.1
329,34.91,4.1,63.2,30.14,0.21,1017.0,46.9,215.5,9,5,0,4.05,0.0,7,0,94,0,0.11,9.9
330,34.7,6.7,61.8,43.12,1.0,1003.7,48.5,242.8,79,74,0,3.83,8.0,15,1,94,0,0.04,23.7
331,36.14,4.7,49.6,25.58,0.49,999.0,115.2,186.2,0,-9,0,3.82,0.0,3,0,75,1,0.32,6.4
332,34.41,6.1,59.3,46.29,0.19,1003.6,66.2,236.5,2,-2,0,4.1,0.0,20,2,89,0,0.06,23.3
333,34.85,3.2,66.7,35.22,0.79,1001.5,40.4,213.9,54,50,0,4.14,3.9,14,2,88,0,0.07,15.6
334,34.32,4.5,61.0,37.39,0.17,1002.1,38.7,222.6,6,4,0,3.91,0.0,19,3,95,0,0.02,15.8
335,39.76,6.1,84.7,24.12,0.38,1015.7,177.0,555.8,12,-3,0,3.36,2.2,10,1,45,2,0.6,5.1
336,34.61,5.0,66.6,51.56,0.14,1017.4,56.6,215.2,2,3,0,4.09,0.0,7,1,96,0,0.01,27.4
337,34.14,3.3,62.3,37.88,0.17,1018.6,30.6,235.6,5,2,0,3.81,0.0,22,0,90,0,0.08,16.2
338,22.83,-12.6,26.7,20.02,0.06,1012.7,400.7,694.2,11,30,0,3.12,0.1,23,0,20,3,0.87,1.5
339,32.39,1.9,51.6,29.36,0.58,1016.6,88.6,200.2,0,-12,1,3.63,0.0,18,1,72,1,0.36,9.9
340,33.96,4.6,61.2,37.05,0.24,1009.7,72.3,230.3,5,3,0,3.96,0.0,4,2,93,0,0.02,15.8
341,34.54,4.9,65.7,50.8,1.0,1002.3,70.5,225.8,63,68,0,3.82,8.4,16,0,89,0,0.06,31.0
342,33.96,3.4,56.9,39.16,0.19,1005.0,36.8,217.1,2,1,0,3.98,0.0,2,0,99,0,0.06,17.4
343,31.79,-4.6,82.5,25.93,0.42,1005.4,194.3,510.4,2,13,0,3.43,0.0,2,0,49,2,0.56,6.7
344,35.16,4.0,65.0,43.61,0.96,1001.9,32.1,222.4,69,66,0,3.87,4.5,8,1,98,0,0.09,24.0
345,24.65,-12.2,89.6,16.61,0.14,1020.7,376.1,703.1,5,48,1,3.11,1.8,3,0,27,3,0.86,0.0
346,34.83,5.4,67.7,51.33,1.0,1000.7,44.9,234.7,70,69,0,4.05,7.9,10,1,95,0,0.09,31.5
347,34.57,5.8,59.0,32.03,0.96,1000.0,48.1,239.4,68,68,0,4.02,4.7,15,0,92,0,0.11,13.1
348,24.94,-14.3,29.6,19.01,0.12,1000.1,278.4,703.4,6,48,1,3.0,0.7,14,0,26,3,0.84,0.7
349,33.99,7.5,69.6,35.7,0.61,1021.0,132.3,201.9,3,-8,0,3.61,0.0,23,3,80,1,0.45,15.6
350,34.69,5.5,58.6,34.38,1.0,1011.4,37.9,226.2,76,73,0,3.99,8.0,12,0,97,0,0.04,15.4
351,33.8,2.7,58.4,44.38,1.0,1009.8,73.0,239.2,70,66,0,3.99,7.3,14,1,89,0,0.04,24.9
352,34.59,4.8,66.3,41.28,0.2,1014.6,58.3,226.7,3,3,0,3.86,0.0,2,2,93,0,0.02,19.2
353,34.31,4.1,63.3,44.06,0.85,1018.9,73.0,211.7,58,61,0,4.04,7.7,11,1,90,0,0.08,24.0
354,34.78,6.4,59.7,33.01,0.15,1001.7,54.0,222.3,4,-1,0,3.96,0.0,21,2,90,0,0.11,12.2
355,34.68,3.2,53.6,30.45,0.47,1001.3,140.0,201.1,0,-2,0,3.82,0.0,7,1,79,1,0.32,10.7
356,34.23,5.9,64.7,45.14,1.0,1016.6,35.3,214.5,84,81,0,4.17,5.8,14,2,89,0,0.09,25.6
357,33.85,5.2,63.6,31.46,0.84,1006.4,56.7,226.4,56,51,0,4.1,8.6,13,0,91,0,0.03,12.3
358,40.32,2.9,79.8,25.7,0.27,1002.1,210.1,522.0,1,13,0,3.3,0.0,2,1,51,2,0.54,6.3
359,23.28,0.6,31.4,15.27,0.11,1000.6,325.0,685.6,7,43,1,3.07,0.5,17,0,22,3,0.8,0.0
360,35.38,7.9,68.4,28.37,0.71,999.7,106.3,308.4,4,12,0,3.69,0.0,4,3,83,1,0.27,9.2
361,35.2,6.9,61.4,31.87,1.0,1021.4,34.7,225.3,82,87,0,4.02,4.1,15,2,90,0,0.11,13.0
362,35.19,3.2,56.6,43.06,0.91,1010.3,67.7,235.4,57,61,0,4.16,5.5,10,1,94,0,0.08,23.3
363,34.15,5.5,61.5,48.27,0.16,1012.9,58.3,214.7,3,-2,1,3.87,0.0,4,3,93,0,0.08,24.8
364,34.5,5.4,72.7,35.33,0.6,1005.5,104.1,330.5,4,-1,1,3.77,0.0,3,0,73,1,0.45,15.2
365,33.85,3.7,62.2,40.81,1.0,1010.9,68.7,220.6,85,82,0,3.99,4.1,12,3,98,0,0.08,21.5
366,34.02,4.6,55.7,44.88,1.0,1015.8,41.9,230.7,64,68,0,3.82,6.7,15,3,93,0,0.02,25.3
367,34.4,5.0,67.9,35.16,0.18,998.5,48.5,212.0,5,3,0,4.06,0.0,0,2,89,0,0.11,14.0
368,35.01,4.2,62.4,42.94,1.0,1002.9,70.6,219.3,84,86,0,3.95,6.6,10,0,89,0,0.1,23.5
369,34.22,3.7,67.6,48.49,1.0,1021.0,39.1,232.2,90,86,0,3.82,9.0,15,2,91,0,0.05,28.8
370,34.18,4.5,62.4,44.33,0.19,1004.0,53.9,224.9,7,3,0,3.96,0.0,22,0,91,0,0.07,21.6
371,34.63,4.4,50.7,37.12,0.59,1006.7,118.6,329.9,49,42,0,3.77,3.2,16,3,71,1,0.34,16.8
372,34.76,5.9,58.9,34.48,0.21,1003.7,49.6,221.2,3,8,0,4.05,0.0,4,1,97,0,0.04,13.5
373,34.92,4.3,59.0,49.92,0.25,1002.2,51.8,244.7,8,13,0,3.81,0.0,4,1,92,0,0.1,26.6
374,32.27,1.7,47.8,33.2,0.47,1010.0,104.4,375.5,2,8,0,3.75,0.0,1,3,73,1,0.24,13.1
375,33.93,4.9,62.8,50.58,0.21,1012.1,64.8,221.0,8,6,0,3.88,0.0,3,2,94,0,0.04,26.9
376,32.54,1.0,72.7,30.65,0.55,1016.9,101.0,358.4,29,25,0,3.73,5.5,15,2,71,1,0.21,11.0
377,34.23,5.0,67.5,49.07,0.24,1020.5,46.3,238.4,3,6,0,4.15,0.0,7,2,92,0,0.05,25.8
378,35.05,4.1,66.9,36.03,0.18,1019.0,58.4,240.8,8,3,0,3.99,0.0,7,2,93,0,0.09,14.7
379,34.43,6.8,74.0,24.73,0.62,1005.3,137.9,193.6,0,9,0,3.78,0.0,3,1,82,1,0.23,5.8
380,34.15,5.4,64.3,45.09,0.25,1012.2,64.5,232.7,4,8,0,3.98,0.0,18,0,92,0,0.09,22.5
381,34.38,5.6,57.4,30.46,1.0,1014.8,69.4,243.1,76,74,0,4.03,4.8,10,2,95,0,0.02,11.6
382,34.4,5.5,58.4,45.81,0.15,1002.9,34.0,222.9,3,-2,0,3.97,0.0,5,0,89,0,0.08,22.7
383,33.83,4.8,70.1,26.53,0.66,1014.4,99.0,201.8,32,30,1,3.84,2.2,8,2,77,1,0.31,7.5
384,33.99,4.1,59.2,45.59,1.0,1006.5,61.2,234.0,85,86,0,3.84,3.8,14,0,91,0,0.05,26.0
385,34.51,6.0,60.0,30.9,0.19,1005.6,74.0,233.5,4,7,0,3.99,0.0,19,0,95,0,0.05,10.5
386,33.96,3.9,55.6,46.45,1.0,1008.5,35.8,240.5,93,92,0,4.13,6.9,16,3,92,0,0.09,26.8
387,34.36,0.4,50.0,24.76,0.5,1020.3,145.0,193.2,1,-10,0,3.56,0.0,5,2,73,1,0.32,5.7
388,34.79,4.5,61.3,37.69,0.15,1013.9,52.2,239.6,4,0,0,4.12,0.0,1,3,92,0,0.09,16.0
389,34.6,3.3,60.4,30.57,0.21,1001.7,33.5,236.9,3,3,0,3.95,0.0,6,0,89,0,0.07,10.3
390,38.59,3.8,40.3,29.47,0.5,1004.8,160.6,555.8,3,3,0,3.54,0.0,2,3,46,2,0.51,9.9
391,34.64,6.0,56.2,30.45,0.2,1005.2,41.5,218.4,8,4,0,3.95,0.0,1,0,98,0,0.08,10.2
392,38.26,9.5,82.0,22.68,0.4,999.0,180.0,482.4,17,27,1,3.43,1.8,13,2,65,2,0.53,3.9
393,35.11,4.9,53.4,25.11,0.67,1005.1,119.3,182.5,49,47,0,3.84,4.4,10,3,77,1,0.28,6.2
394,38.79,3.3,83.1,25.86,0.44,999.1,232.0,533.8,2,-2,1,3.52,0.0,1,0,50,2,0.6,6.6
395,34.81,6.8,64.8,34.64,0.85,1000.8,50.2,238.3,61,58,0,3.9,7.2,13,2,88,0,0.06,15.2
396,34.37,6.0,63.6,47.89,0.26,1001.2,63.5,235.4,6,10,0,4.17,0.0,5,3,92,0,0.08,24.9
397,37.66,3.9,83.3,23.01,0.37,1008.7,174.5,453.8,1,-14,0,3.31,0.0,6,0,49,2,0.52,4.1
398,34.43,4.0,58.2,37.34,0.89,1011.3,43.3,239.0,65,60,0,3.96,5.8,15,3,97,0,0.06,17.9
399,34.48,4.8,62.7,35.1,1.0,1009.4,57.5,233.8,92,94,1,4.02,6.5,9,0,98,0,0.04,16.1
400,34.41,5.9,57.1,41.17,1.0,1005.0,62.7,226.4,68,66,0,4.15,8.2,15,2,95,0,0.09,21.8
401,42.18,4.7,32.2,15.98,0.18,1020.6,390.0,744.2,9,56,0,3.05,0.4,22,3,15,3,0.9,0.0
402,34.58,6.1,68.0,33.84,1.0,1003.4,46.1,219.1,83,80,0,4.11,5.4,15,2,91,0,0.02,14.9
403,35.69,3.4,50.0,25.46,0.46,1012.6,143.3,206.2,58,64,0,3.78,5.8,8,2,73,1,0.39,6.3
404,34.03,5.5,56.5,46.76,0.24,1002.8,39.2,222.7,6,8,0,3.86,0.0,3,0,90,0,0.05,23.9
405,34.93,5.2,59.4,37.93,0.96,1007.8,52.7,213.0,63,64,0,4.09,5.8,13,0,94,0,0.04,18.6
406,26.62,-15.0,29.7,17.04,0.12,1017.2,280.4,627.8,6,51,1,3.32,0.3,14,2,32,3,0.89,0.0
407,35.04,3.4,64.1,30.17,0.88,1013.0,69.3,235.3,60,60,0,4.15,7.4,16,2,91,0,0.06,11.2
408,36.26,6.2,48.6,34.15,0.65,1005.5,97.8,283.7,2,-1,0,3.85,0.0,19,3,72,1,0.27,14.3
409,35.05,4.0,62.0,51.71,0.85,1020.6,41.6,239.1,59,60,0,3.94,6.9,10,1,88,0,0.05,31.1
410,33.81,2.7,59.4,45.72,1.0,1015.2,40.6,236.1,77,81,0,4.12,4.8,14,2,98,0,0.04,26.1
411,34.49,6.8,71.3,33.96,0.67,999.9,122.9,190.8,0,-11,1,3.52,0.0,21,1,85,1,0.42,14.2
412,34.53,6.0,60.1,45.16,0.31,1015.1,41.9,227.5,8,10,0,3.96,0.0,21,3,96,0,0.03,22.8
413,34.19,5.8,69.6,25.69,0.6,1009.7,121.3,183.6,3,-9,1,3.55,0.0,4,0,81,1,0.29,6.7
414,34.02,0.8,47.7,31.67,0.47,1016.8,103.4,354.0,0,-12,1,3.67,0.0,4,1,84,1,0.28,11.7
415,34.42,2.5,72.5,32.73,0.55,1013.5,114.2,189.8,59,65,0,3.62,1.2,15,1,84,1,0.37,12.8
416,34.91,3.9,64.2,34.23,0.26,1010.1,55.2,214.3,10,6,0,3.82,0.0,5,0,91,0,0.07,13.4
417,34.55,5.8,47.5,25.19,0.59,1002.3,98.4,205.2,4,3,0,3.71,0.0,0,0,70,1,0.32,6.2
418,33.93,5.2,67.7,46.9,0.16,1015.1,54.4,220.0,4,3,0,4.06,0.0,0,2,93,0,0.02,23.6
419,34.0,4.9,66.6,34.46,0.73,1005.6,41.6,243.0,47,42,0,3.99,7.6,9,3,89,0,0.05,14.8
420,33.84,4.0,63.2,44.85,1.0,1018.3,71.1,210.7,75,79,0,4.1,0.0,17,3,94,0,0.04,25.3
421,32.68,-0.8,69.7,24.59,0.67,1009.6,100.9,208.8,55,54,0,3.72,4.3,16,1,71,1,0.24,5.8
422,29.41,4.0,84.4,20.9,0.42,1010.1,211.0,426.4,0,-1,0,3.52,0.0,19,2,58,2,0.75,2.3
423,36.7,7.4,47.5,24.22,0.64,1019.5,128.0,301.1,58,53,0,3.5,3.4,10,2,75,1,0.43,5.4
424,34.58,1.9,50.8,33.41,0.55,1017.5,90.0,363.2,5,4,0,3.79,0.0,22,3,75,1,0.29,13.4
425,35.11,6.2,60.8,50.27,0.24,1021.5,40.0,210.7,6,11,0,4.03,0.0,0,0,99,0,0.04,26.8
426,35.07,4.4,64.2,38.71,1.0,1012.5,39.4,216.9,92,97,0,3.99,6.5,11,0,97,0,0.08,19.5
427,34.84,4.1,56.7,34.22,0.29,1019.2,72.0,239.9,10,9,0,4.06,0.0,5,0,92,0,0.07,13.5
428,36.53,3.2,77.4,30.53,0.55,1010.8,113.1,188.2,5,6,0,3.81,0.0,0,3,78,1,0.26,10.9
429,34.27,4.4,66.4,51.07,0.87,1017.4,66.3,244.7,54,55,0,3.93,3.8,10,0,88,0,0.08,30.6
430,29.89,-7.7,42.5,27.76,0.4,1020.0,242.2,492.8,1,-15,0,3.49,0.0,18,2,47,2,0.64,8.2
431,39.74,14.0,86.8,21.02,0.26,1012.4,165.5,505.5,18,2,1,3.55,1.9,12,2,58,2,0.65,2.4
432,34.45,3.3,60.6,41.38,0.2,1002.6,57.9,213.5,2,4,0,3.8,0.0,21,0,97,0,0.09,19.2
433,33.23,6.0,75.2,28.36,0.57,1005.4,113.9,359.7,0,-11,0,3.76,0.0,18,1,74,1,0.28,9.0
434,33.81,5.0,62.6,48.89,1.0,1009.4,60.5,212.0,72,75,0,3.88,8.5,10,2,93,0,0.1,29.2
435,34.26,3.7,62.5,33.57,0.25,1014.6,73.3,231.6,8,8,0,3.82,0.0,22,3,88,0,0.03,12.9
436,34.83,5.0,67.4,34.05,0.87,1013.2,44.9,235.9,53,54,0,3.83,3.7,14,1,92,0,0.02,14.7
437,23.7,-13.6,90.1,15.37,0.08,1000.7,296.1,744.9,3,52,1,3.04,1.7,11,0,32,3,0.81,0.0
438,34.32,4.8,59.8,32.61,0.26,1012.4,37.7,228.4,8,4,0,3.87,0.0,6,2,99,0,0.07,12.1
439,41.97,4.6,27.6,20.11,0.19,1012.8,292.3,606.8,10,65,0,3.31,0.4,20,1,27,3,0.8,1.6
440,35.1,7.4,73.0,34.02,0.58,1019.5,115.2,317.4,5,5,0,3.64,0.0,5,3,71,1,0.43,14.0
441,34.23,4.2,66.6,42.11,0.89,1006.1,55.7,242.7,63,62,0,3.97,5.4,14,1,95,0,0.07,22.3
442,34.31,3.2,61.5,35.84,0.95,1020.2,42.3,210.9,68,66,0,3.91,6.3,14,3,89,0,0.07,16.6
443,33.85,2.9,57.6,48.6,0.23,1019.9,38.8,221.5,6,11,0,3.85,0.0,3,0,99,0,0.1,25.4
444,34.29,3.3,68.0,44.39,0.24,1009.4,72.6,238.8,2,4,0,4.13,0.0,0,2,99,0,0.04,21.9
445,34.21,4.2,47.8,30.3,0.6,1013.8,97.2,200.9,33,32,0,3.7,1.6,16,3,70,1,0.44,10.8
446,34.4,3.9,64.8,42.91,0.89,1012.5,64.3,234.2,59,59,0,3.85,8.9,11,2,97,0,0.12,23.1
447,24.34,-0.1,26.7,14.65,0.07,1019.9,286.3,681.0,7,68,0,3.01,1.4,19,3,17,3,0.88,0.0
448,34.21,5.9,61.8,37.19,0.67,1020.9,50.5,222.9,40,37,0,4.18,4.2,12,2,99,0,0.06,17.1
449,31.27,-0.4,79.7,27.17,0.36,1003.9,217.5,463.4,1,13,1,3.6,0.0,6,1,57,2,0.6,7.7
450,34.61,5.9,64.6,45.41,1.0,1012.8,43.0,240.8,69,69,0,4.03,8.0,10,3,91,0,0.03,25.8
451,34.72,3.8,64.1,49.48,0.63,1003.2,34.3,234.5,42,40,0,4.0,7.2,13,3,99,0,0.02,28.0
452,27.97,0.4,88.8,15.77,0.14,1007.6,385.0,625.0,7,51,0,3.03,1.4,15,3,24,3,0.93,0.0
453,34.15,2.8,64.2,40.15,0.23,1018.2,36.1,233.5,9,11,0,4.07,0.0,6,3,95,0,0.06,18.3
454,32.85,1.2,75.4,30.17,0.5,1018.1,95.9,180.3,2,-9,0,3.81,0.0,5,0,84,1,0.33,10.5
455,34.23,2.9,55.7,50.43,1.0,1014.3,30.2,237.0,89,87,0,3.83,5.8,16,0,93,0,0.12,30.6
456,27.01,4.7,31.5,17.93,0.08,1005.8,276.6,667.9,5,71,1,3.19,1.9,2,1,18,3,0.8,0.0
457,32.06,4.1,70.2,36.4,0.56,1000.3,127.8,342.4,0,-13,0,3.67,0.0,0,3,75,1,0.45,16.1
458,36.67,8.8,48.0,28.69,0.61,1012.8,126.3,189.5,50,37,0,3.63,4.2,10,3,70,1,0.26,9.4
459,34.4,3.4,58.2,34.44,0.24,1005.9,33.6,214.8,9,8,0,3.89,0.0,3,2,95,0,0.09,13.6
460,35.65,4.8,77.8,27.39,0.6,1007.2,127.1,282.4,41,36,0,3.73,2.2,8,2,77,1,0.37,8.2
461,33.81,5.5,66.3,50.64,1.0,1015.4,33.1,216.7,80,77,0,4.01,7.9,10,1,96,0,0.03,30.8
462,33.18,1.1,70.5,34.94,0.47,1017.7,103.5,343.6,37,49,0,3.64,1.8,9,1,83,1,0.31,14.6
463,34.05,6.4,77.1,29.33,0.53,1020.0,104.5,196.6,31,24,0,3.7,3.4,15,0,85,1,0.28,9.8
464,38.31,10.1,82.6,23.08,0.5,1011.6,199.5,523.9,3,14,1,3.57,0.0,0,0,48,2,0.75,4.3
465,42.38,21.8,93.7,20.49,0.18,1014.0,365.2,634.7,0,79,1,3.01,1.6,6,3,33,3,0.91,1.9
466,36.53,6.4,70.5,25.29,0.64,1002.5,122.6,184.8,0,9,0,3.75,0.0,4,2,72,1,0.44,6.4
467,29.21,0.8,40.9,21.09,0.39,1005.4,198.3,463.1,18,3,0,3.54,1.4,13,1,68,2,0.54,2.5
468,33.9,4.1,64.1,33.88,0.2,1017.5,53.6,232.9,8,5,0,3.98,0.0,5,3,89,0,0.07,13.0
469,34.06,5.6,64.9,43.79,0.27,999.5,41.7,241.6,8,10,0,3.86,0.0,5,1,94,0,0.04,21.5
470,34.74,4.6,56.3,42.81,0.26,1021.1,32.7,236.3,2,7,0,4.0,0.0,0,1,97,0,0.01,20.6
471,34.27,6.3,60.6,50.7,0.9,1018.9,46.7,241.2,60,58,0,3.82,5.5,8,3,89,0,0.05,30.4
472,33.97,2.2,61.9,39.94,0.86,1017.5,72.8,236.3,55,55,0,4.0,7.1,12,1,98,0,0.01,20.2
473,39.58,5.9,80.6,24.28,0.48,1005.1,208.5,523.5,0,2,0,3.6,0.0,0,2,48,2,0.71,5.3
474,39.75,5.6,35.3,28.96,0.49,1013.8,209.8,432.2,3,-7,0,3.46,0.0,6,1,50,2,0.55,9.4
475,34.8,4.3,57.1,45.82,0.23,1009.8,71.8,241.6,6,4,0,4.05,0.0,2,0,96,0,0.08,23.0
476,39.68,13.0,85.1,26.42,0.39,1000.7,197.7,520.4,3,24,0,3.54,0.0,22,2,48,2,0.54,7.1
477,32.56,2.4,76.5,31.5,0.68,1012.4,147.0,180.1,23,26,0,3.61,2.8,10,1,74,1,0.37,12.0
478,34.55,6.4,61.0,44.96,0.19,1005.7,36.5,243.0,5,7,0,4.08,0.0,7,0,99,0,0.1,22.2
479,34.99,4.2,62.5,31.29,0.91,999.3,58.4,217.5,58,59,0,4.07,8.2,16,0,91,0,0.11,12.3
480,33.44,1.8,53.2,30.63,0.54,1002.7,95.3,319.2,3,9,0,3.53,0.0,5,3,79,1,0.38,11.0
481,34.25,5.4,65.3,40.07,1.0,1017.3,69.0,211.9,85,84,0,4.06,0.0,17,3,90,0,0.04,20.8
482,35.0,6.5,56.3,44.95,0.22,1010.4,65.3,240.0,8,9,0,3.94,0.0,6,0,88,0,0.06,22.3
483,41.51,15.4,89.9,19.43,0.22,1013.7,343.3,708.2,2,78,0,3.03,0.9,10,3,24,3,0.94,1.0
484,33.92,1.9,61.4,42.61,0.69,1014.9,60.1,227.8,41,45,0,4.08,7.9,11,0,95,0,0.03,22.1
485,33.89,3.0,66.8,38.66,1.0,1017.0,65.8,216.5,92,87,0,4.0,3.9,9,1,96,0,0.1,19.4
486,40.95,9.9,26.6,14.9,0.09,1006.7,353.2,734.1,1,35,1,3.2,1.7,3,1,15,3,0.79,0.0
487,35.12,4.7,55.0,44.5,1.0,1010.3,43.5,243.1,73,72,0,4.06,0.0,17,1,93,0,0.07,25.0
488,32.21,3.1,69.4,32.28,0.52,1019.7,140.6,293.4,4,-5,0,3.65,0.0,22,0,78,1,0.34,12.4
489,34.16,3.8,60.5,46.12,0.78,1008.1,61.3,228.8,44,49,0,3.87,5.5,12,3,96,0,0.08,25.6
490,22.16,-3.8,25.7,14.46,0.16,1000.4,288.7,575.3,8,82,1,3.12,0.5,4,2,19,3,0.95,0.0
491,40.81,4.3,32.9,18.9,0.2,1002.3,358.3,735.6,1,74,0,3.21,1.8,7,3,42,3,0.81,0.6
492,33.98,2.9,55.1,38.33,0.2,1014.3,53.1,215.4,4,1,0,4.08,0.0,23,3,99,0,0.12,16.7
493,35.18,4.1,65.4,50.72,1.0,1018.3,52.6,219.7,67,70,0,3.92,8.2,13,3,94,0,0.11,30.9
494,34.14,5.6,56.2,50.45,0.27,1009.9,55.9,213.0,6,9,1,4.16,0.0,20,0,99,0,0.08,27.1
495,34.66,4.0,66.8,35.37,0.3,999.0,63.6,235.0,10,10,0,4.11,0.0,21,0,96,0,0.11,14.5
496,36.23,7.9,70.3,30.94,0.5,1009.6,89.9,195.4,23,21,0,3.62,4.4,14,1,73,1,0.41,11.1
497,34.68,4.9,60.1,48.17,1.0,1005.2,71.5,242.5,81,84,0,4.03,6.2,8,1,97,0,0.05,28.5
498,34.81,5.8,60.2,41.64,0.23,1009.3,30.4,225.1,5,1,0,4.15,0.0,3,0,98,0,0.01,19.6
499,35.05,5.9,62.0,33.56,1.0,1001.2,42.1,244.6,82,84,0,3.94,8.3,11,2,91,0,0.03,14.6
500,28.8,-6.7,85.3,28.0,0.43,1007.3,186.6,479.0,22,33,0,3.53,3.6,13,2,68,2,0.62,8.5
501,32.61,1.7,68.1,34.32,0.57,1015.5,129.5,363.0,3,7,0,3.67,0.0,3,0,77,1,0.39,14.3
502,33.96,2.0,58.4,40.43,0.27,1012.2,61.5,233.3,8,6,0,4.08,0.0,5,1,91,0,0.08,18.7
503,33.99,2.1,55.5,43.56,0.18,1003.3,74.6,242.5,8,3,0,3.95,0.0,20,1,98,0,0.04,21.0
504,34.4,4.5,55.7,35.43,0.97,1019.8,35.0,222.7,62,63,0,3.8,7.1,13,3,92,0,0.05,16.3
505,35.13,5.0,59.7,42.14,0.24,1006.9,43.7,213.4,2,7,0,4.08,0.0,3,3,97,0,0.05,20.0
506,34.34,6.0,66.5,42.9,0.2,1011.1,35.9,236.0,3,-2,0,3.87,0.0,20,2,89,0,0.09,20.5
507,36.75,3.5,75.2,36.28,0.68,999.6,87.8,335.0,36,49,0,3.84,5.5,10,2,73,1,0.31,16.3
508,34.18,4.7,67.6,46.3,0.66,1016.7,43.0,243.5,43,41,0,4.13,8.8,13,0,96,0,0.03,25.3
509,33.81,5.3,62.4,40.02,1.0,1003.4,56.6,210.3,90,93,0,3.92,4.7,12,2,96,0,0.09,20.7
510,34.7,4.2,67.2,44.13,1.0,1021.3,42.5,214.7,95,90,0,4.0,0.0,17,1,93,0,0.01,24.6
511,41.16,4.1,95.2,19.77,0.09,1016.7,314.2,776.6,10,31,0,3.06,1.9,10,0,39,3,0.89,1.3
512,25.76,-4.3,26.9,15.09,0.09,1017.6,336.3,624.6,3,80,0,3.13,1.8,3,3,17,3,0.8,0.0
513,35.12,3.2,57.3,45.12,0.18,1000.4,42.7,220.9,4,5,0,3.96,0.0,5,1,98,0,0.06,22.3
514,35.88,5.6,48.4,27.48,0.47,1017.6,86.3,202.9,22,11,0,3.72,1.1,16,1,73,1,0.44,8.1
515,34.47,6.1,62.3,33.4,0.21,1005.1,50.0,215.7,7,9,0,4.04,0.0,22,0,88,0,0.02,12.6
516,35.08,3.1,55.3,34.97,1.0,1003.4,49.2,215.2,81,80,0,4.14,8.0,16,3,90,0,0.02,15.9
517,34.27,5.1,59.7,33.32,0.69,1017.6,71.6,213.0,42,46,0,3.87,5.8,9,2,98,0,0.11,13.7
518,34.5,3.6,59.8,47.35,1.0,1016.9,41.9,241.7,91,87,0,4.1,4.3,11,0,95,0,0.03,27.7
519,34.4,5.1,64.4,46.89,0.72,1017.3,36.5,221.3,48,45,0,3.98,8.9,15,0,98,0,0.08,26.1
520,34.57,3.8,62.0,31.84,0.24,1003.6,52.2,228.8,5,6,0,4.1,0.0,20,1,91,0,0.1,11.4
521,25.35,0.5,33.3,16.06,0.07,1015.9,278.9,630.3,12,47,0,3.34,1.8,0,1,38,3,0.83,0.0
522,33.84,5.8,67.5,48.42,0.24,1017.9,46.7,234.5,3,5,0,3.94,0.0,3,1,89,0,0.02,25.3
523,34.25,4.2,73.3,33.03,0.45,998.3,146.7,352.3,48,58,1,3.52,4.2,13,1,75,1,0.35,12.9
524,34.96,6.1,66.9,35.98,0.93,1002.4,52.6,234.8,67,64,0,4.16,7.6,13,3,88,0,0.05,16.7
525,29.25,2.8,87.1,22.7,0.28,1011.0,176.5,532.5,3,-5,0,3.53,0.0,23,0,52,2,0.57,3.8
526,34.86,6.7,59.0,35.92,0.21,1000.2,54.8,232.3,2,0,0,4.01,0.0,2,1,88,0,0.1,14.7
527,42.9,14.5,27.8,16.32,0.2,1012.1,328.6,631.8,2,42,0,3.18,1.6,9,0,37,3,0.78,0.0
528,34.76,2.8,56.0,47.76,0.22,1012.6,58.2,243.3,5,3,0,3.86,0.0,1,2,96,0,0.12,24.6
529,33.98,5.6,58.8,38.53,0.68,998.4,58.1,242.9,42,47,0,3.83,4.3,16,2,95,0,0.08,18.3
530,34.44,3.8,57.2,37.77,1.0,1001.4,43.3,212.4,76,76,0,3.98,8.9,9,0,95,0,0.12,18.6
531,35.0,5.2,60.2,38.07,0.25,1019.1,68.6,242.1,4,6,0,3.94,0.0,3,3,96,0,0.09,16.6
532,35.09,6.3,47.2,26.21,0.56,1009.2,138.4,365.3,2,-1,1,3.64,0.0,21,0,72,1,0.32,7.1
533,34.05,4.1,56.4,38.83,0.93,1004.7,73.2,223.9,67,65,0,4.03,0.0,17,3,99,0,0.03,19.4
534,23.28,-2.6,33.9,19.53,0.22,1013.3,386.1,564.4,12,76,1,3.07,0.0,1,1,25,3,0.93,1.1
535,34.37,2.5,58.9,44.73,0.24,1005.1,62.0,240.5,10,8,0,3.84,0.0,2,1,93,0,0.11,22.2
536,25.21,-1.9,33.7,19.76,0.15,1021.7,335.5,759.9,9,79,0,3.07,1.4,6,2,16,3,0.9,1.3
537,35.06,4.5,67.1,41.46,0.19,1011.9,52.5,221.1,8,7,0,4.12,0.0,23,2,95,0,0.02,19.3
538,32.9,1.3,52.0,32.08,0.45,1013.6,124.1,301.0,1,7,0,3.51,0.0,1,1,73,1,0.42,12.0
539,34.29,3.5,62.1,40.09,0.71,1008.5,53.5,236.8,47,44,0,3.86,5.9,14,3,98,0,0.04,19.8
540,40.76,10.8,30.5,18.43,0.14,1007.1,331.7,664.2,12,42,0,3.23,1.7,9,0,36,3,0.82,0.2
541,26.76,-10.7,95.3,20.58,0.18,1008.0,366.7,730.5,6,30,0,3.09,1.3,6,3,40,3,0.84,2.0
542,28.06,-4.2,82.1,21.7,0.39,1017.9,241.7,534.8,2,3,0,3.47,0.0,7,0,64,2,0.59,3.0
543,34.69,3.3,67.7,39.62,0.22,1013.1,37.8,241.6,10,7,0,3.99,0.0,18,3,94,0,0.08,17.8
544,22.56,-2.7,93.0,18.0,0.05,1019.5,359.0,556.4,11,40,0,3.34,1.3,8,1,17,3,0.94,0.0
545,34.14,2.4,65.1,36.05,1.0,1000.9,65.4,237.0,82,77,0,4.04,6.7,9,1,95,0,0.02,17.0
546,34.05,3.3,56.0,32.21,0.25,1007.0,68.0,241.9,5,6,0,3.98,0.0,4,2,91,0,0.08,11.7
547,28.04,-3.7,84.2,24.84,0.4,1010.9,220.7,424.4,15,17,0,3.35,3.1,10,3,51,2,0.73,5.7
548,34.31,3.1,66.7,35.89,0.69,1008.5,31.3,214.8,45,42,0,3.93,6.5,16,1,99,0,0.04,16.0
549,34.08,4.4,66.0,47.45,0.76,1015.9,62.3,243.7,46,50,0,3.88,7.5,12,1,95,0,0.06,26.7
550,34.06,4.9,71.7,31.16,0.61,1000.8,126.1,296.7,22,37,0,3.79,4.2,10,0,81,1,0.44,11.6
551,33.72,5.4,74.6,24.15,0.54,1003.1,109.2,183.7,40,47,0,3.78,5.5,10,3,82,1,0.34,5.2
552,34.8,6.6,67.3,46.64,0.26,1004.6,66.3,233.5,8,13,0,3.87,0.0,6,0,95,0,0.1,23.9
553,34.64,6.5,62.7,47.23,0.21,1010.8,40.6,210.7,2,7,1,3.98,0.0,3,0,94,0,0.02,24.1
554,33.82,3.0,61.1,36.98,0.87,1008.9,67.3,224.5,59,58,0,4.09,6.2,16,0,92,0,0.02,17.5
555,37.36,0.5,87.1,21.7,0.3,1018.8,173.9,559.1,3,-3,0,3.41,0.0,20,0,45,2,0.72,3.0
556,35.13,3.5,56.0,35.94,1.0,1021.2,44.8,231.4,91,92,0,3.98,4.2,8,0,97,0,0.1,16.9
557,34.5,2.9,72.8,25.29,0.66,999.8,116.9,357.3,50,42,0,3.62,5.2,13,3,76,1,0.26,6.4
558,34.74,6.1,61.1,47.91,0.93,1010.1,47.3,227.1,61,59,0,3.92,8.7,15,0,98,0,0.09,27.9
559,29.81,-4.1,80.2,26.86,0.49,1003.8,200.0,429.6,3,-7,0,3.33,0.0,4,1,48,2,0.6,7.6
560,34.47,6.1,61.9,37.8,1.0,1013.6,45.8,214.1,75,71,0,3.96,5.3,14,1,93,0,0.06,18.6
561,34.07,3.8,57.3,32.4,0.24,1003.7,42.4,231.3,10,11,0,3.84,0.0,23,3,88,0,0.02,11.9
562,35.04,4.1,64.1,40.89,0.79,1000.3,48.2,223.8,54,53,0,4.04,0.0,17,0,92,0,0.09,20.8
563,36.09,4.7,46.5,37.47,0.63,1018.5,129.3,313.2,49,38,0,3.51,5.9,16,3,75,1,0.42,17.2
564,24.93,-5.9,88.9,17.68,0.08,1006.4,392.8,680.5,4,59,1,3.03,0.6,19,2,26,3,0.93,0.0
565,33.22,1.9,76.3,25.58,0.64,1001.4,104.6,331.8,58,58,0,3.51,0.0,17,2,77,1,0.44,6.6
566,34.84,6.1,67.7,44.05,0.85,1019.8,46.2,236.1,52,53,0,4.06,8.4,15,0,96,0,0.06,24.0
567,34.38,2.5,67.9,48.35,1.0,1010.0,43.9,211.4,73,73,0,4.02,7.9,11,2,89,0,0.05,28.6
568,34.01,5.5,67.6,36.34,0.27,1009.7,58.1,233.3,6,8,1,3.82,0.0,21,1,97,0,0.04,15.2
569,34.97,6.2,55.6,51.09,0.31,1012.0,36.2,240.8,10,15,0,4.07,0.0,0,3,99,0,0.03,27.8
570,34.46,4.8,59.6,51.27,0.22,1019.0,66.5,232.3,8,9,0,3.91,0.0,2,2,97,0,0.04,27.5
571,32.96,1.4,73.5,31.64,0.55,1010.1,104.6,336.7,5,4,0,3.65,0.0,18,1,84,1,0.23,11.9
572,34.4,4.1,60.5,51.06,0.24,1007.0,48.5,211.0,10,5,0,4.03,0.0,21,2,91,0,0.04,27.5
573,34.98,6.6,56.6,48.46,0.25,1005.0,60.2,226.2,10,12,0,4.17,0.0,19,2,97,0,0.02,25.3
574,30.34,-4.6,85.9,21.36,0.47,1013.0,230.2,492.3,22,33,0,3.35,2.7,15,2,45,2,0.67,2.8
575,34.01,2.1,66.4,30.54,0.2,1017.7,53.4,218.7,3,5,0,4.15,0.0,6,0,95,0,0.04,10.2
576,40.01,7.3,82.8,22.41,0.38,1021.0,223.6,445.9,28,50,0,3.36,0.0,17,2,54,2,0.61,3.6
577,33.88,0.6,46.0,31.9,0.45,1006.5,112.1,282.8,49,37,0,3.73,5.5,15,2,71,1,0.35,11.9
578,28.04,-7.7,83.5,20.63,0.41,1001.4,246.1,449.5,3,15,0,3.52,0.0,4,3,67,2,0.57,2.1
579,27.04,-11.3,95.7,19.43,0.14,999.6,360.9,591.5,11,94,1,3.11,1.9,21,2,31,3,0.85,1.0
580,34.73,6.5,61.5,32.32,0.24,1004.0,60.6,221.3,5,3,0,3.95,0.0,0,1,89,0,0.12,11.8
581,34.32,3.6,63.2,38.31,0.25,1003.4,31.3,216.1,3,5,0,3.88,0.0,1,0,95,0,0.04,16.8
582,34.54,5.1,65.3,30.73,0.14,1014.4,33.9,210.8,3,1,1,4.09,0.0,23,1,89,0,0.07,10.3
583,34.09,3.0,65.8,47.64,0.25,1005.2,52.5,222.5,10,7,0,4.13,0.0,23,3,90,0,0.07,24.7
584,34.64,5.6,59.3,45.47,0.19,1010.4,40.1,242.9,6,7,0,4.17,0.0,3,3,97,0,0.02,22.6
585,33.88,5.1,64.1,30.66,0.24,1017.6,35.0,226.5,6,11,0,3.93,0.0,19,2,90,0,0.09,10.4
586,33.9,2.1,67.3,37.61,1.0,1004.5,70.7,234.6,88,83,0,4.08,8.6,10,0,95,0,0.11,18.4
587,34.51,3.8,63.5,50.49,0.13,1015.7,49.4,220.6,5,0,0,3.87,0.0,1,0,94,0,0.08,26.5
588,34.87,3.2,64.0,39.63,0.76,1003.7,49.3,224.9,48,44,0,3.94,0.0,17,3,94,0,0.03,19.6
589,34.85,4.5,66.5,47.88,0.12,1019.4,65.7,229.9,2,0,0,3.87,0.0,2,0,93,0,0.01,24.3
590,34.3,4.1,68.8,36.81,0.51,1004.4,101.3,194.8,42,55,0,3.83,4.9,9,1,77,1,0.27,16.3
591,35.06,3.8,64.2,48.51,0.2,1001.4,58.0,219.8,5,2,0,4.01,0.0,22,0,99,0,0.02,25.2
592,34.18,6.4,73.0,27.91,0.61,1007.1,87.2,318.4,0,-14,0,3.8,0.0,7,3,71,1,0.3,8.7
593,34.72,3.2,55.4,47.83,0.24,1016.8,64.3,242.8,7,6,0,3.93,0.0,21,3,94,0,0.1,24.8
594,40.33,16.2,37.6,27.19,0.44,998.4,259.1,494.9,3,19,0,3.59,0.0,23,0,52,2,0.61,7.8
595,34.15,3.8,62.1,35.91,0.2,1005.7,45.2,223.8,6,6,0,4.09,0.0,21,2,92,0,0.01,14.7
596,33.82,4.0,55.1,34.79,1.0,1004.2,31.7,222.6,80,83,0,3.91,6.9,8,1,89,0,0.04,15.8
597,30.52,-7.4,84.8,26.84,0.47,1021.4,165.0,436.0,6,-3,0,3.31,3.0,8,2,67,2,0.5,7.5
598,33.86,3.3,58.1,31.7,0.18,1019.0,34.9,227.7,3,6,0,4.12,0.0,0,2,89,0,0.08,11.2
599,34.9,6.5,59.4,43.68,0.22,1003.1,48.4,232.8,9,8,0,4.15,0.0,4,0,88,0,0.11,21.2
600,25.5,-6.1,26.4,17.96,0.22,999.2,384.4,699.3,1,58,0,3.26,1.1,10,2,40,3,0.8,0.0
601,34.07,4.7,62.5,35.08,1.0,1006.4,71.0,221.5,91,91,0,4.06,5.9,15,3,94,0,0.12,16.0
602,39.12,12.1,82.6,22.45,0.48,1000.0,216.9,535.7,9,23,0,3.5,2.6,16,0,55,2,0.69,3.7
603,34.69,3.4,65.0,32.66,0.61,998.6,70.5,240.7,40,37,0,4.15,7.6,13,1,88,0,0.02,12.9
604,35.01,4.5,66.9,35.31,0.25,1021.9,70.7,222.4,8,11,0,4.11,0.0,5,0,97,0,0.05,14.3
605,33.7,6.5,72.1,25.88,0.5,998.2,114.2,188.7,3,10,0,3.82,0.0,1,0,72,1,0.43,6.7
606,34.18,5.9,69.8,30.91,0.46,1007.2,132.0,357.3,1,-5,0,3.68,0.0,18,2,83,1,0.33,11.0
607,35.12,5.3,66.5,49.35,0.23,1019.2,62.9,225.1,6,10,0,3.86,0.0,5,1,95,0,0.04,26.0
608,42.81,4.7,26.3,14.19,0.2,1006.9,301.0,742.9,12,51,0,3.19,1.6,9,2,38,3,0.78,0.0
609,34.5,2.1,47.7,30.05,0.52,1015.9,92.1,205.3,48,61,0,3.85,4.7,9,3,81,1,0.23,10.4
610,34.51,3.1,58.6,49.63,0.14,1013.9,58.4,227.9,3,3,0,4.07,0.0,7,0,91,0,0.07,25.8
611,41.11,2.2,32.8,17.39,0.08,1016.0,303.0,595.0,7,49,0,3.05,1.3,20,0,28,3,0.8,0.0
612,34.58,3.1,57.7,38.37,0.26,1018.2,38.0,224.6,6,10,0,3.98,0.0,0,3,90,0,0.08,16.9
613,34.68,6.2,62.8,51.18,0.84,1009.2,54.5,220.3,54,50,0,3.96,6.0,9,3,94,0,0.04,30.5
614,34.36,6.2,56.7,43.22,1.0,1016.5,69.7,239.4,95,97,1,3.9,4.7,10,0,94,0,0.1,23.8
615,34.93,3.8,60.5,37.48,1.0,1000.6,41.7,211.9,71,69,0,3.96,6.6,8,2,91,0,0.03,18.3
616,34.56,2.7,67.4,46.87,0.24,1018.1,31.0,223.3,7,7,0,4.0,0.0,19,2,91,0,0.05,24.0
617,34.03,4.9,59.9,30.79,0.76,998.6,48.6,229.4,55,50,0,3.84,5.7,12,1,90,0,0.06,11.5
618,34.85,3.6,65.6,31.68,0.2,1012.5,47.0,224.0,6,2,0,4.08,0.0,20,1,99,0,0.01,11.2
619,35.8,6.4,74.1,27.84,0.5,1003.3,105.3,331.2,0,-6,0,3.73,0.0,4,0,79,1,0.32,8.4
620,35.07,5.3,61.9,50.93,1.0,1009.4,41.0,210.6,71,72,0,3.97,6.7,13,2,91,0,0.01,31.1
621,34.93,3.9,67.7,35.5,0.25,999.4,34.3,215.9,9,13,0,3.98,0.0,3,2,97,0,0.09,14.5
622,34.84,5.9,65.8,49.17,1.0,1009.1,31.6,234.1,78,79,0,4.01,6.2,15,2,98,0,0.06,29.4
623,22.47,-14.0,88.1,20.09,0.07,1011.1,348.0,577.9,3,86,0,3.17,1.3,15,0,16,3,0.88,1.5
624,34.41,2.6,58.8,43.53,1.0,1006.9,71.5,233.7,73,73,0,3.85,6.4,12,0,97,0,0.03,24.1
625,34.09,2.1,59.3,41.54,0.21,998.1,63.6,244.9,4,1,1,3.96,0.0,19,2,89,0,0.03,19.4
626,33.93,4.8,61.0,37.71,0.18,1019.9,34.3,231.9,4,0,0,4.04,0.0,22,1,92,0,0.11,16.1
627,34.87,4.6,67.1,43.04,0.74,1016.4,55.3,232.5,52,48,0,3.87,6.6,13,2,96,0,0.02,22.6
628,42.04,19.0,26.9,20.51,0.15,1017.4,270.4,603.3,3,41,1,3.17,0.0,10,2,13,3,0.8,1.9
629,34.5,2.7,56.5,37.81,1.0,1018.0,55.2,223.2,64,66,0,3.83,6.8,13,3,90,0,0.03,18.6
630,38.72,6.8,41.2,20.25,0.34,1019.0,215.8,481.0,2,-7,0,3.5,0.0,22,1,51,2,0.68,1.7
631,35.11,4.7,67.9,42.9,0.16,998.8,38.8,222.6,5,0,0,4.15,0.0,6,3,88,0,0.07,20.4
632,35.19,4.2,64.2,48.99,1.0,1017.4,42.3,212.0,76,71,0,4.04,6.2,8,3,98,0,0.06,29.3
633,35.05,3.6,57.0,39.23,0.21,1004.7,63.1,240.5,4,0,0,4.04,0.0,1,2,89,0,0.02,17.5
634,34.74,3.4,66.7,30.31,0.27,1010.0,70.4,215.9,7,10,0,4.05,0.0,6,0,91,0,0.02,10.2
635,34.42,4.5,58.6,46.43,0.27,1018.1,38.9,227.7,4,9,1,3.9,0.0,23,2,93,0,0.05,23.7
636,35.09,5.9,57.4,47.35,0.13,1014.3,33.9,221.1,2,-1,0,3.83,0.0,2,3,91,0,0.09,23.9
637,34.33,5.2,58.7,48.38,0.21,1009.8,42.6,229.8,8,6,0,4.17,0.0,6,1,95,0,0.04,25.1
638,34.7,3.5,60.8,38.48,0.2,1003.0,58.4,239.1,2,6,0,4.07,0.0,18,2,98,0,0.05,16.8
639,34.88,4.3,58.4,44.48,0.17,1019.6,51.0,211.1,3,6,0,4.02,0.0,22,2,94,0,0.05,21.7
640,36.17,4.4,72.2,26.28,0.6,1009.4,106.8,183.0,42,36,0,3.65,4.1,10,0,83,1,0.35,7.2
641,34.88,1.5,72.0,29.89,0.66,1019.3,87.6,187.0,4,-8,0,3.64,0.0,7,2,75,1,0.21,10.5
642,22.84,-4.0,32.1,19.61,0.13,1002.4,278.1,570.8,12,48,1,3.0,0.3,22,1,21,3,0.96,1.2
643,34.14,4.6,63.9,37.58,0.24,1009.1,68.1,223.1,9,6,0,4.07,0.0,6,3,98,0,0.11,16.2
644,34.25,2.4,67.2,46.07,0.25,998.6,48.0,221.4,6,11,0,3.83,0.0,7,0,99,0,0.06,23.3
645,33.77,4.4,76.2,25.93,0.5,1004.8,124.7,207.4,5,-3,0,3.65,0.0,19,1,75,1,0.28,6.8
646,35.14,6.5,60.5,40.23,1.0,1001.1,37.4,233.9,93,89,0,3.84,8.2,12,3,88,0,0.1,20.9
647,32.06,5.2,51.0,32.45,0.67,1002.3,112.5,322.5,60,48,0,3.63,3.4,16,3,81,1,0.28,12.8
648,28.03,-5.0,41.4,24.35,0.37,1004.1,185.8,492.1,24,33,1,3.56,2.1,13,3,64,2,0.49,5.3
649,32.11,0.3,70.9,25.56,0.65,1013.2,112.1,309.8,22,26,0,3.64,1.9,10,2,74,1,0.33,6.6
650,34.44,4.9,63.0,42.52,1.0,1021.5,71.3,241.6,86,89,0,3.81,6.9,13,2,89,0,0.09,23.1
651,41.56,16.2,95.6,20.76,0.18,1017.2,308.5,700.2,1,85,0,3.35,1.2,2,2,37,3,0.89,2.1
652,35.11,4.5,58.6,31.01,1.0,1004.6,61.0,216.5,72,77,0,3.91,3.5,11,3,94,0,0.03,12.2
653,34.11,4.7,64.2,48.19,1.0,1005.7,39.9,231.4,86,90,0,3.92,5.6,14,2,88,0,0.11,28.5
654,34.84,3.8,57.7,30.71,0.89,1010.7,61.4,233.6,56,57,0,4.04,6.6,14,1,91,0,0.05,11.7
655,34.17,5.2,69.6,24.33,0.71,1020.8,123.0,196.9,46,55,0,3.67,2.2,9,2,74,1,0.43,5.6
656,34.1,3.6,56.4,38.99,0.29,1013.9,43.0,240.3,8,11,0,4.03,0.0,3,0,93,0,0.05,17.5
657,34.55,3.9,57.9,33.45,0.27,1014.4,48.2,236.5,6,8,0,3.8,0.0,21,2,95,0,0.1,12.8
658,34.39,5.1,60.4,43.41,0.19,1004.0,38.5,211.0,5,2,0,4.02,0.0,3,3,88,0,0.05,20.9
659,36.57,8.0,74.0,36.78,0.57,1005.0,136.3,331.1,1,13,0,3.58,0.0,18,3,76,1,0.32,16.5
660,34.44,5.4,63.9,41.0,0.17,1015.3,50.0,218.5,4,6,0,3.93,0.0,0,1,90,0,0.11,18.8
661,35.27,5.8,73.2,34.02,0.48,1017.9,115.6,358.3,2,15,0,3.73,0.0,2,0,70,1,0.33,13.8
662,39.54,5.9,82.4,27.87,0.28,1006.8,252.7,508.1,3,10,0,3.53,0.0,1,2,48,2,0.64,8.1
663,34.14,4.8,61.3,49.78,0.2,1008.8,41.9,221.6,3,5,0,3.9,0.0,21,2,95,0,0.04,26.2
664,34.87,4.2,56.9,37.98,0.94,1001.7,43.0,217.7,63,67,0,3.86,7.0,8,2,95,0,0.06,18.6
665,34.21,4.6,60.0,36.67,0.25,1012.8,58.7,211.0,5,9,0,4.07,0.0,22,1,96,0,0.09,15.5
666,34.82,7.1,73.2,26.46,0.69,1001.6,109.6,199.5,4,4,1,3.83,0.0,5,2,79,1,0.29,7.5
667,33.71,3.6,77.1,27.2,0.5,1004.5,143.9,205.4,4,17,0,3.64,0.0,19,0,80,1,0.22,7.9
668,25.4,1.2,90.0,15.6,0.17,1017.9,380.9,708.6,10,61,1,3.34,0.5,17,0,35,3,0.84,0.0
669,33.89,4.1,58.0,41.81,0.27,1009.4,56.4,230.3,9,5,0,4.04,0.0,2,1,89,0,0.03,19.8
670,34.22,3.8,55.1,34.29,0.32,1009.8,49.3,241.7,9,14,0,3.97,0.0,3,1,94,0,0.01,13.6
671,34.52,4.5,67.4,36.06,0.22,1005.7,43.5,240.4,5,5,0,3.97,0.0,5,2,90,0,0.12,14.9
672,34.05,4.0,64.9,37.53,1.0,1005.7,60.3,213.3,95,97,0,3.87,4.1,16,3,92,0,0.04,18.4
673,34.22,3.6,62.9,46.86,0.79,1016.9,55.7,215.4,50,48,0,4.03,4.4,16,3,95,0,0.12,26.3
674,34.17,6.2,67.1,45.99,0.26,1020.6,67.5,223.0,6,6,0,3.92,0.0,23,2,94,0,0.07,23.3
675,34.93,5.6,67.7,44.57,0.18,1011.4,64.5,210.7,5,3,0,3.81,0.0,1,3,94,0,0.06,21.8
676,34.11,6.1,68.7,37.33,0.71,1021.7,95.4,208.2,4,4,0,3.64,0.0,6,1,85,1,0.44,17.3
677,33.88,2.4,59.5,40.38,0.24,1012.2,54.2,225.3,6,2,0,4.17,0.0,18,3,90,0,0.09,18.5
678,34.41,3.6,59.3,47.98,0.31,1005.5,54.6,233.1,10,13,0,4.09,0.0,18,1,99,0,0.11,25.2
679,33.03,0.3,70.3,32.45,0.7,999.4,108.5,377.1,36,29,0,3.72,3.1,11,3,71,1,0.4,12.9
680,34.41,4.3,55.4,40.82,1.0,1017.2,52.7,237.9,90,93,0,4.08,6.6,16,2,89,0,0.12,21.5
681,36.77,3.7,51.9,33.11,0.47,1007.6,113.0,325.1,5,-6,0,3.62,0.0,2,3,83,1,0.33,13.0
682,33.87,6.4,71.2,30.41,0.63,1001.6,94.8,197.5,40,42,0,3.7,2.8,9,0,74,1,0.42,10.9
683,34.55,5.6,67.3,37.2,0.88,1020.1,31.8,214.5,62,58,0,3.88,5.2,9,1,92,0,0.06,17.7
684,35.06,3.2,60.7,38.37,0.98,1010.2,67.5,223.1,68,66,0,3.88,5.6,11,0,89,0,0.1,19.1
685,34.09,2.3,67.2,34.2,0.29,998.4,63.3,222.5,7,8,0,3.94,0.0,18,0,89,0,0.04,13.5
686,35.0,4.1,59.6,36.62,1.0,1019.5,72.6,239.3,67,72,0,4.04,5.6,12,3,92,0,0.06,17.5
687,28.04,-9.4,79.5,22.93,0.4,1015.8,207.0,425.5,1,23,0,3.43,0.0,1,1,61,2,0.53,4.1
688,35.09,3.5,65.2,38.21,0.32,998.8,31.3,217.1,8,13,0,3.81,0.0,21,1,88,0,0.01,17.0
689,34.33,2.9,62.8,49.74,0.13,1010.9,53.6,215.5,2,2,0,3.84,0.0,4,3,94,0,0.06,25.8
690,34.46,5.6,66.7,44.71,0.22,1001.1,35.8,233.0,7,11,0,4.12,0.0,4,0,90,0,0.07,22.1
691,35.57,3.5,47.5,28.22,0.64,1001.2,125.0,305.1,5,11,0,3.71,0.0,4,1,78,1,0.33,9.0
692,34.78,4.9,45.3,24.2,0.62,1006.3,143.9,284.8,32,22,0,3.58,3.0,13,2,85,1,0.2,5.4
693,34.1,3.0,63.1,46.91,0.3,1009.0,54.6,214.1,6,11,0,4.14,0.0,20,3,95,0,0.04,24.3
694,33.26,2.9,48.8,25.56,0.6,1020.5,86.7,182.8,3,14,0,3.81,0.0,3,2,83,1,0.28,6.6
695,35.12,3.9,68.0,34.37,0.82,1006.7,38.8,239.4,54,49,0,4.1,6.6,16,1,88,0,0.07,14.9
696,33.94,4.7,57.2,50.73,0.23,1019.6,58.5,231.6,4,7,0,3.91,0.0,7,1,94,0,0.12,27.1
697,33.99,4.1,67.2,36.86,1.0,1001.8,30.0,218.8,75,80,0,4.16,3.8,13,3,90,0,0.06,17.7
698,35.1,8.0,69.9,36.5,0.48,1004.6,139.2,376.3,2,-9,0,3.83,0.0,7,3,84,1,0.24,16.0
699,34.5,0.9,75.7,34.4,0.57,999.0,123.9,323.8,27,29,1,3.84,5.6,10,0,78,1,0.29,14.3
700,34.04,1.3,75.1,25.24,0.65,1021.1,141.3,309.1,53,41,0,3.8,2.2,8,0,85,1,0.41,6.3
701,36.15,8.3,75.2,35.71,0.72,1008.4,102.9,330.8,46,52,1,3.54,5.0,13,0,85,1,0.26,15.9
702,41.72,4.9,30.1,14.29,0.07,1006.7,361.0,750.2,10,78,0,3.22,0.2,8,0,42,3,0.8,0.0
703,37.14,12.2,82.8,28.13,0.41,1013.1,206.1,540.9,0,5,0,3.5,0.0,21,3,63,2,0.49,8.6
704,34.38,5.3,55.4,37.57,1.0,1017.0,50.5,241.2,62,67,0,3.97,3.8,10,0,98,0,0.06,18.4
705,35.62,4.5,46.5,35.27,0.71,1005.5,117.5,315.2,4,12,0,3.61,0.0,6,2,72,1,0.43,15.5
706,32.97,0.9,49.4,26.36,0.45,1010.9,106.9,316.1,30,45,0,3.61,3.5,15,1,79,1,0.36,7.1
707,33.93,3.4,62.8,45.75,0.83,1021.3,69.5,224.2,56,53,0,4.15,4.1,12,0,92,0,0.12,25.5
708,33.86,4.7,62.1,48.33,1.0,1021.2,60.0,219.6,71,69,0,3.89,7.1,10,1,88,0,0.03,28.6
709,30.2,3.1,82.5,27.07,0.5,1006.6,244.8,501.3,3,-1,0,3.38,0.0,19,3,52,2,0.58,7.8
710,34.96,4.1,64.1,45.58,0.21,1013.5,65.8,230.3,3,6,0,4.11,0.0,22,1,93,0,0.04,22.8
711,34.6,4.7,55.7,50.97,0.93,1015.0,57.8,227.4,67,63,0,4.01,0.0,17,1,93,0,0.02,30.8
712,34.81,4.0,62.4,45.49,0.31,1005.3,72.6,235.5,9,10,0,3.88,0.0,2,2,96,0,0.06,23.1
713,34.56,3.7,63.9,42.92,0.2,1004.0,44.2,210.2,2,2,0,3.82,0.0,7,3,90,0,0.06,20.5
714,31.72,-1.6,38.0,23.81,0.37,1019.1,169.4,476.5,3,9,0,3.35,0.0,19,1,50,2,0.56,4.8
715,34.36,6.0,57.9,46.54,0.93,998.0,74.4,232.2,61,63,1,4.03,8.9,15,0,93,0,0.02,26.6
716,34.34,2.6,55.4,51.03,1.0,1012.4,70.7,229.7,94,90,0,3.87,4.7,16,0,98,0,0.05,31.2
717,40.08,12.5,79.6,28.88,0.45,1002.3,241.9,424.2,0,14,1,3.58,0.0,18,1,48,2,0.73,9.3
718,30.41,5.4,43.3,27.84,0.49,1007.7,253.8,550.0,22,26,0,3.32,1.4,16,1,60,2,0.52,8.4
719,39.84,7.5,41.4,26.64,0.33,1004.8,243.9,433.8,21,6,0,3.47,2.4,11,0,62,2,0.59,7.2
720,33.41,3.2,48.6,30.78,0.55,999.0,109.5,329.1,2,4,0,3.78,0.0,4,3,71,1,0.27,11.1
721,39.0,8.9,81.5,21.88,0.49,1018.4,164.8,423.9,2,6,1,3.55,0.0,2,2,68,2,0.72,3.2
722,32.21,6.2,72.6,26.89,0.62,1003.8,97.1,312.0,33,33,1,3.82,2.0,16,2,79,1,0.37,7.8
723,41.43,7.0,25.4,20.17,0.12,1019.9,291.3,606.6,10,63,0,3.3,1.3,10,1,40,3,0.82,1.6
724,34.38,6.1,58.6,43.2,1.0,1000.7,70.5,238.6,71,70,0,4.06,6.0,13,0,91,0,0.08,23.8
725,34.55,2.7,57.2,41.8,0.22,1011.3,63.3,243.4,8,7,0,3.84,0.0,5,3,91,0,0.02,19.7
726,35.19,5.4,61.1,34.06,1.0,1016.5,34.9,218.0,93,94,0,3.89,6.9,15,1,90,0,0.06,15.1
727,35.48,7.7,68.1,30.47,0.69,1013.1,94.9,187.5,1,-3,1,3.63,0.0,21,1,72,1,0.44,11.1
728,34.42,5.7,66.0,42.04,0.74,1020.4,57.1,220.1,50,47,0,3.82,6.3,10,3,99,0,0.01,21.7
729,33.95,2.7,58.0,46.91,1.0,1009.4,47.2,229.7,92,93,0,4.04,6.6,11,0,98,0,0.02,27.3
730,34.66,5.8,60.8,51.56,0.24,1004.9,63.7,233.9,6,6,0,4.14,0.0,18,3,93,0,0.06,27.9
731,23.54,-17.2,93.9,16.87,0.2,1008.1,334.8,619.0,0,88,0,3.35,0.3,23,1,18,3,0.91,0.0
732,34.13,3.7,71.6,27.04,0.5,1016.3,106.2,352.3,33,25,0,3.81,4.3,13,3,84,1,0.35,7.7
733,33.02,-0.5,69.1,24.71,0.51,998.6,127.4,363.3,59,57,0,3.55,2.9,13,2,75,1,0.33,5.7
734,34.04,2.9,67.8,47.2,0.24,1009.7,60.6,236.9,8,12,0,3.98,0.0,6,3,90,0,0.11,24.2
735,35.78,4.8,68.1,36.63,0.5,1005.6,141.0,365.3,2,16,0,3.57,0.0,19,0,81,1,0.41,16.1
736,34.05,3.2,58.9,39.13,0.75,1019.7,66.1,215.6,49,46,0,3.86,6.5,14,3,92,0,0.06,19.1
737,28.16,0.7,39.3,25.85,0.3,1006.2,207.7,527.4,2,10,0,3.59,0.0,3,1,63,2,0.74,6.5
738,33.99,5.9,58.9,37.06,0.26,1019.4,47.7,215.2,5,10,0,3.83,0.0,2,2,95,0,0.08,15.8
739,34.15,5.9,61.7,37.01,0.64,1016.0,74.2,241.6,41,43,0,4.07,4.9,13,1,93,0,0.12,16.9
740,33.6,4.9,76.7,26.79,0.58,1017.3,145.2,337.4,2,-1,0,3.74,0.0,21,3,82,1,0.27,7.6
741,32.64,0.2,70.6,33.41,0.67,1000.6,97.5,288.3,48,62,0,3.8,5.5,13,3,74,1,0.21,13.7
742,34.02,3.5,65.4,46.2,0.13,1005.9,65.0,240.2,2,-3,0,3.83,0.0,2,1,95,0,0.07,22.9
743,32.27,2.5,77.2,30.06,0.64,1002.7,145.2,351.8,0,-15,0,3.75,0.0,21,0,76,1,0.3,10.6
744,34.82,4.0,62.7,31.75,1.0,999.8,68.7,225.5,72,67,0,4.13,6.7,15,1,89,0,0.03,12.9
745,33.09,4.8,76.4,27.51,0.54,1001.9,104.3,344.1,1,-1,0,3.5,0.0,5,2,78,1,0.42,8.2
746,35.06,4.4,55.8,51.5,0.25,1014.3,64.0,225.1,9,4,0,4.09,0.0,1,0,99,0,0.11,27.9
747,33.53,4.9,76.1,26.66,0.61,1017.1,109.1,328.9,4,12,1,3.62,0.0,2,2,84,1,0.32,7.5
748,28.61,4.2,38.5,23.81,0.47,1020.7,255.0,542.3,30,30,1,3.41,2.0,12,3,50,2,0.7,4.9
749,34.46,4.8,58.5,48.26,0.23,1020.7,38.9,227.4,4,3,0,3.87,0.0,6,0,95,0,0.08,25.1
750,27.77,-5.8,90.6,19.63,0.12,1012.7,341.5,616.5,3,93,1,3.11,0.3,5,3,33,3,0.91,1.2
751,34.28,3.8,59.9,30.39,0.22,1019.6,61.0,214.5,9,5,0,4.16,0.0,19,1,93,0,0.09,10.2
752,34.61,4.7,59.3,42.59,0.97,998.5,38.7,214.4,60,65,0,4.03,8.0,15,2,97,0,0.04,23.1
753,34.01,4.1,59.2,31.47,1.0,1003.4,53.8,226.2,86,85,0,4.09,7.4,16,0,88,0,0.05,12.6
754,34.67,4.3,62.3,43.3,0.27,1005.1,65.3,243.5,9,9,0,4.05,0.0,0,2,97,0,0.12,21.1
755,34.51,5.0,58.2,35.74,0.13,1016.6,46.9,234.5,2,1,1,4.05,0.0,1,1,89,0,0.09,14.4
756,34.67,4.3,75.6,30.35,0.49,1006.9,92.0,307.6,5,9,0,3.83,0.0,4,3,80,1,0.23,10.6
757,34.68,6.2,63.4,44.16,1.0,999.5,47.8,221.4,93,88,0,3.81,6.3,10,3,99,0,0.09,24.7
758,34.53,3.9,67.2,31.79,0.22,1007.5,40.6,236.4,7,7,0,3.95,0.0,2,1,94,0,0.02,11.3
759,28.46,-8.8,37.3,26.43,0.42,1001.3,183.9,510.3,0,-17,0,3.31,0.0,4,0,49,2,0.68,7.1
760,34.69,6.7,60.1,45.72,0.69,1014.8,53.0,220.1,41,46,0,3.88,3.7,10,2,95,0,0.04,24.9
761,34.96,6.2,60.2,42.24,0.22,1019.6,36.9,210.3,6,5,0,3.88,0.0,18,2,93,0,0.08,20.0
762,34.17,1.5,77.7,29.42,0.48,1014.2,128.7,186.1,27,13,0,3.57,4.8,12,0,79,1,0.38,9.8
763,33.88,2.1,63.1,41.24,0.19,1007.3,55.5,241.0,6,4,0,3.87,0.0,18,2,95,0,0.05,19.1
764,40.91,20.9,92.5,18.31,0.2,1008.7,312.8,777.0,3,39,0,3.22,1.7,10,3,41,3,0.97,0.1
765,34.32,5.2,63.4,36.16,0.23,1020.3,73.7,236.0,7,3,0,3.81,0.0,23,1,90,0,0.02,15.0
766,39.39,9.7,88.2,24.55,0.47,1015.6,207.7,422.0,0,-5,0,3.38,0.0,6,0,63,2,0.49,5.5
767,34.75,3.9,55.4,51.4,0.24,1015.3,52.4,239.1,8,5,0,3.82,0.0,4,1,92,0,0.09,27.8
768,34.18,3.3,66.3,30.97,0.21,1015.8,40.6,225.7,2,7,0,4.01,0.0,6,2,91,0,0.09,10.6
769,34.31,3.2,65.7,41.9,0.94,1001.5,54.5,223.1,63,66,0,3.95,6.7,9,2,93,0,0.05,22.3
770,33.96,3.2,45.8,30.31,0.6,1011.0,101.5,372.5,5,4,0,3.81,0.0,21,3,74,1,0.29,10.8
771,40.42,6.6,42.4,25.44,0.38,1014.4,199.6,535.3,0,12,0,3.38,0.0,23,1,50,2,0.63,6.2
772,34.82,6.2,65.4,34.82,1.0,1014.7,54.7,223.8,82,83,0,4.09,4.1,10,3,95,0,0.08,15.8
773,39.8,13.1,88.1,28.25,0.39,1003.0,229.5,462.9,3,2,1,3.54,0.0,6,0,45,2,0.49,8.6
774,34.43,3.9,56.5,36.6,0.19,1012.2,72.5,233.2,2,6,0,3.96,0.0,21,0,95,0,0.07,15.2
775,24.11,3.2,91.8,16.96,0.15,1009.7,389.7,723.2,12,42,0,3.33,1.4,21,3,24,3,0.98,0.0
776,33.93,2.8,58.2,38.36,0.18,1018.5,67.4,232.1,3,5,0,3.98,0.0,2,3,96,0,0.05,16.7
777,34.76,4.2,62.7,31.52,0.26,999.2,60.4,211.0,10,12,0,4.01,0.0,6,3,96,0,0.1,11.2
778,34.36,2.2,47.6,26.17,0.68,999.1,95.6,313.1,0,6,0,3.67,0.0,18,0,75,1,0.2,7.2
779,34.76,5.3,66.0,33.62,0.13,1014.8,40.3,225.6,3,-1,0,4.03,0.0,5,1,95,0,0.01,12.6
780,32.51,5.5,70.8,37.28,0.55,1001.9,121.2,286.5,2,15,0,3.82,0.0,0,2,74,1,0.43,16.8
781,34.14,8.0,48.4,29.79,0.6,999.4,102.1,359.0,1,4,0,3.55,0.0,18,1,82,1,0.23,10.3
782,34.17,5.5,61.9,48.93,0.26,1011.3,43.7,238.4,7,5,0,3.98,0.0,0,0,89,0,0.06,25.8
783,33.98,2.7,61.6,42.46,0.22,1007.8,68.8,212.4,10,6,0,4.12,0.0,20,0,91,0,0.05,20.2
784,37.1,5.5,88.2,24.79,0.49,1004.9,199.1,504.9,12,0,0,3.42,3.6,13,0,52,2,0.65,5.8
785,34.38,4.0,62.3,36.1,0.15,1020.1,61.7,237.2,2,2,0,4.17,0.0,2,3,96,0,0.05,14.7
786,35.02,4.5,63.9,44.54,1.0,999.5,61.3,242.3,78,82,0,3.83,6.2,15,3,96,0,0.05,25.0
787,41.99,7.5,95.4,20.81,0.08,1016.4,318.6,605.1,3,74,1,3.24,0.6,20,2,33,3,0.9,2.1
788,34.76,3.6,64.3,41.44,0.25,1017.9,54.9,217.2,9,13,0,3.91,0.0,4,2,97,0,0.04,19.5
789,34.35,6.4,64.3,35.6,0.18,1002.5,72.0,226.1,7,4,0,3.94,0.0,5,3,94,0,0.07,14.4
790,35.19,6.6,62.6,31.12,0.79,1000.9,42.5,229.9,52,51,0,4.03,6.1,8,3,89,0,0.05,11.9
791,30.19,3.7,86.6,28.91,0.39,1003.8,252.6,516.1,1,-17,1,3.4,0.0,1,0,53,2,0.65,9.2
792,23.42,-7.3,92.7,17.79,0.05,1000.3,384.4,589.5,6,56,1,3.2,1.2,7,2,37,3,0.97,0.0
793,34.65,5.0,66.6,44.77,0.63,1008.7,71.3,219.8,40,38,0,4.12,6.0,13,1,89,0,0.04,23.8
794,37.08,3.8,36.8,20.21,0.38,1012.4,227.3,481.1,2,2,0,3.43,0.0,4,3,49,2,0.54,1.7
795,34.37,3.6,57.8,38.35,0.25,1008.9,45.9,219.6,6,4,0,4.06,0.0,22,3,98,0,0.07,16.9
796,34.3,5.6,55.3,39.62,0.21,1018.5,49.6,225.6,8,4,0,4.15,0.0,0,3,90,0,0.04,17.8
797,38.28,2.4,35.8,20.79,0.48,1002.5,251.6,432.9,0,-4,0,3.39,0.0,20,1,53,2,0.71,2.3
798,33.89,3.0,66.3,36.34,1.0,999.6,57.9,230.0,90,87,0,3.86,3.6,13,2,97,0,0.12,17.2
799,28.5,-1.6,86.4,27.87,0.33,999.4,232.3,441.4,1,-4,1,3.38,0.0,3,2,61,2,0.7,8.2
800,34.02,5.7,56.7,35.41,0.21,1007.1,68.8,239.2,6,8,0,3.89,0.0,4,1,88,0,0.08,14.3
801,34.92,5.3,63.8,40.27,0.28,1004.0,47.8,229.0,8,11,0,4.1,0.0,0,2,99,0,0.07,18.6
802,34.5,5.6,65.5,32.54,0.97,1016.6,39.3,231.0,63,62,0,3.91,3.6,13,1,88,0,0.06,13.6
803,39.62,10.9,81.3,22.53,0.35,999.2,184.4,422.3,1,9,0,3.41,0.0,4,3,49,2,0.54,3.7
804,33.87,5.6,61.0,43.16,0.21,1006.0,47.4,232.9,8,4,0,3.98,0.0,4,0,95,0,0.11,20.8
805,33.94,4.8,64.7,43.87,1.0,999.2,55.3,212.1,72,70,0,3.93,6.9,9,1,93,0,0.05,24.4
806,38.52,12.2,85.3,29.99,0.29,1001.4,214.8,524.9,21,5,0,3.4,3.0,16,0,65,2,0.68,9.9
807,33.32,7.3,68.4,35.19,0.69,999.6,85.8,321.8,1,-1,0,3.7,0.0,6,0,76,1,0.45,15.4
808,35.78,5.2,77.2,35.36,0.54,1011.2,95.8,183.4,5,4,0,3.63,0.0,1,2,78,1,0.32,15.1
809,33.57,3.6,74.8,36.55,0.51,1015.4,131.6,188.4,4,13,1,3.67,0.0,23,2,79,1,0.28,16.1
810,27.18,-0.1,89.2,20.34,0.21,999.9,303.5,730.2,3,89,0,3.18,0.8,12,0,30,3,0.86,1.8
811,42.44,1.3,25.5,20.85,0.11,1012.1,330.9,649.4,6,90,1,3.11,1.0,5,3,41,3,0.98,2.2
812,30.44,-2.0,79.8,20.82,0.45,1021.8,192.7,472.8,7,-7,1,3.46,2.2,12,3,67,2,0.5,2.3
813,33.99,5.7,67.8,42.58,0.22,998.9,46.5,234.0,7,12,0,3.93,0.0,0,3,97,0,0.01,20.3
814,36.31,6.3,49.4,32.58,0.49,1003.4,102.4,363.7,0,11,0,3.8,0.0,0,1,73,1,0.24,12.6
815,34.27,3.6,57.1,36.46,1.0,1003.1,51.3,225.8,72,71,0,4.11,4.8,9,0,92,0,0.12,17.3
816,32.18,-1.3,76.8,34.79,0.64,1003.0,94.6,183.8,24,18,0,3.75,3.2,14,1,79,1,0.23,14.9
817,34.35,5.9,59.5,38.57,1.0,1005.8,32.2,239.4,91,90,0,4.17,7.8,15,0,95,0,0.1,19.4
818,36.6,2.9,52.8,25.31,0.69,1019.8,97.0,184.9,2,0,0,3.51,0.0,22,3,85,1,0.24,6.4
819,34.88,4.2,63.2,30.06,0.24,1018.6,62.0,238.0,7,7,0,3.99,0.0,23,1,93,0,0.03,9.9
820,35.05,5.9,67.9,40.01,0.24,998.4,57.6,231.4,8,3,0,4.0,0.0,23,2,88,0,0.09,18.2
821,35.03,4.3,67.1,48.37,0.18,1011.9,71.1,231.3,5,5,0,4.14,0.0,18,0,91,0,0.1,25.0
822,34.12,4.1,57.9,31.05,0.61,1020.9,67.0,218.4,40,41,0,4.0,8.4,12,2,88,0,0.11,11.5
823,35.18,8.6,73.8,37.85,0.6,1013.5,119.7,203.4,1,15,0,3.69,0.0,20,2,83,1,0.25,17.5
824,35.1,4.3,64.5,33.56,0.85,1013.3,37.6,220.2,56,57,0,3.94,7.7,15,0,96,0,0.04,14.2
825,37.01,13.0,86.6,27.65,0.33,1014.0,239.4,552.2,1,-12,0,3.55,0.0,2,1,61,2,0.62,8.0
826,33.93,5.3,57.3,50.04,0.83,1017.6,66.3,229.1,56,51,0,4.09,9.0,8,0,93,0,0.03,29.4
827,35.09,5.2,63.2,32.28,1.0,1012.1,31.3,239.9,90,91,0,3.88,0.0,17,1,98,0,0.03,13.4
828,42.59,14.4,32.0,15.39,0.06,1006.1,353.6,655.3,5,77,0,3.0,0.7,22,0,41,3,0.98,0.0
829,40.71,6.7,30.4,17.46,0.22,1003.9,354.2,576.8,2,90,0,3.12,1.2,23,0,38,3,0.79,0.0
830,35.0,5.5,55.7,47.95,0.79,1010.0,43.5,243.7,48,47,0,4.12,0.0,17,3,96,0,0.12,27.3
831,33.84,4.5,58.7,43.26,0.25,1001.0,38.3,213.3,4,7,0,3.84,0.0,23,2,93,0,0.04,21.0
832,33.91,3.3,55.6,47.85,0.25,1000.4,44.0,236.6,10,6,0,4.06,0.0,18,1,96,0,0.04,24.8
833,35.03,4.8,56.2,32.07,0.77,1004.3,45.0,235.9,48,44,1,4.14,3.7,12,0,94,0,0.1,12.7
834,34.04,5.0,63.4,34.81,0.21,1007.8,55.6,240.3,2,4,0,4.16,0.0,18,1,96,0,0.11,13.8
835,34.82,5.2,65.9,43.49,0.23,1011.9,52.2,218.3,8,6,0,3.91,0.0,21,2,97,0,0.02,21.1
836,36.27,9.2,47.3,34.45,0.64,999.0,124.3,291.5,57,48,0,3.79,3.9,8,1,77,1,0.44,14.6
837,35.28,2.3,70.2,35.62,0.45,1005.8,147.4,199.6,5,-7,1,3.57,0.0,7,0,73,1,0.24,15.1
838,35.27,3.3,70.0,30.84,0.52,1010.6,126.3,315.3,35,35,1,3.5,3.3,13,3,71,1,0.22,11.1
839,34.2,2.8,58.7,31.44,0.28,1021.1,38.0,236.9,9,12,0,3.89,0.0,6,3,92,0,0.03,11.1
840,34.41,3.6,56.7,51.7,0.94,1004.5,65.1,232.6,64,62,0,3.85,5.0,8,1,92,0,0.05,31.5
841,32.1,-1.7,76.8,31.78,0.62,998.1,100.7,361.0,5,19,0,3.69,0.0,21,2,85,1,0.25,12.1
842,35.69,8.9,71.4,29.95,0.64,1009.3,116.3,353.3,5,14,0,3.57,0.0,0,2,81,1,0.3,10.5
843,35.0,5.4,59.6,39.48,0.26,999.1,64.2,228.6,9,7,0,3.84,0.0,6,1,91,0,0.11,17.9
844,34.83,2.8,56.3,34.86,1.0,1013.4,74.5,229.2,85,82,0,3.81,3.6,14,3,89,0,0.07,15.8
845,35.09,4.2,63.0,46.42,1.0,1020.2,34.2,218.8,78,81,0,3.98,5.0,14,1,99,0,0.03,26.8
846,36.26,5.0,73.0,29.0,0.57,1002.6,99.9,180.0,42,56,0,3.51,1.5,15,1,70,1,0.36,9.6
847,35.52,2.8,70.1,25.88,0.48,1008.4,93.6,346.2,1,5,0,3.57,0.0,5,1,79,1,0.36,6.7
848,29.51,-5.5,78.4,20.85,0.29,1004.4,177.5,538.0,3,-11,1,3.42,0.0,22,0,67,2,0.6,2.2
849,31.99,5.3,84.2,22.79,0.32,1016.5,255.4,479.5,24,32,1,3.52,3.2,16,2,57,2,0.49,3.9
850,30.78,-5.2,37.1,24.79,0.48,1017.2,230.0,552.9,8,23,0,3.52,1.0,14,0,62,2,0.62,5.7
851,34.65,4.6,66.5,41.83,0.23,1018.1,40.9,229.3,7,10,0,3.85,0.0,7,0,94,0,0.03,19.7
852,32.43,0.2,72.4,26.3,0.52,1014.6,112.4,182.4,2,1,0,3.51,0.0,4,1,70,1,0.39,7.1
853,34.03,3.0,64.6,50.97,0.18,1012.5,58.7,212.8,5,7,0,4.0,0.0,23,0,98,0,0.05,27.1
854,26.03,4.3,29.5,17.82,0.08,1002.2,313.5,617.2,2,40,0,3.19,0.6,23,1,36,3,0.88,0.0
855,34.46,4.4,61.6,44.56,0.69,1007.7,51.0,211.5,43,38,0,4.04,4.0,9,0,92,0,0.09,23.8
856,34.01,3.5,58.5,36.82,0.14,999.3,40.3,221.3,2,2,0,4.08,0.0,18,0,88,0,0.07,15.3
857,35.0,5.9,62.3,47.13,0.25,999.1,57.8,237.5,2,6,0,4.0,0.0,6,1,88,0,0.02,24.2
858,34.54,4.4,66.6,46.13,0.3,1007.1,71.2,235.8,6,11,0,4.01,0.0,3,3,91,0,0.06,23.6
859,34.14,5.1,63.7,41.48,0.22,1008.1,36.4,224.0,6,3,0,3.92,0.0,6,0,88,0,0.04,19.4
860,34.82,5.4,61.9,40.16,0.15,1016.0,39.6,220.8,6,2,0,4.16,0.0,22,1,90,0,0.08,18.1
861,34.9,3.4,64.4,34.22,0.82,1010.3,46.6,229.0,51,50,0,4.05,6.1,9,0,92,0,0.04,14.8
862,35.51,1.6,73.6,37.61,0.58,1005.0,117.6,378.2,41,49,0,3.52,4.4,16,0,71,1,0.21,17.2
863,34.87,5.1,59.6,38.68,0.18,1009.2,67.3,219.0,7,3,0,3.84,0.0,6,1,97,0,0.02,16.9
864,32.95,0.9,74.3,24.55,0.56,1005.9,97.9,320.5,2,-6,1,3.53,0.0,3,0,85,1,0.22,5.6
865,34.5,6.1,60.3,50.05,0.59,1001.1,54.9,240.2,40,35,1,4.11,6.7,12,0,94,0,0.05,28.3
866,34.33,4.7,61.1,32.63,0.27,1012.6,61.6,219.2,6,10,0,3.8,0.0,19,0,91,0,0.08,12.1
867,30.41,5.3,42.8,22.92,0.31,1017.6,223.9,500.5,8,22,0,3.4,0.6,11,1,58,2,0.52,4.0
868,34.43,1.8,72.5,34.44,0.65,1013.1,106.8,289.2,0,7,0,3.69,0.0,5,1,71,1,0.44,14.6
869,34.35,4.2,60.7,32.56,1.0,1002.9,65.6,211.6,84,80,0,3.81,3.7,10,1,88,0,0.03,13.6
870,31.48,0.7,79.7,21.0,0.29,1008.5,205.6,464.9,28,21,1,3.57,1.7,12,3,61,2,0.7,2.4
871,34.33,2.1,50.8,34.5,0.46,1006.2,94.3,332.4,2,-4,0,3.81,0.0,3,3,84,1,0.2,14.2
872,39.58,11.7,82.5,21.02,0.34,1011.5,181.2,510.3,0,-17,0,3.31,0.0,7,3,61,2,0.7,2.4
873,28.73,-6.2,88.9,27.56,0.43,1018.9,259.2,501.6,1,6,0,3.49,0.0,22,0,63,2,0.69,8.1
874,39.66,15.3,41.1,22.96,0.38,1011.6,236.1,539.6,0,13,0,3.42,0.0,21,2,52,2,0.74,4.1
875,36.26,7.0,75.9,35.75,0.67,1014.8,140.7,206.7,26,16,0,3.77,4.9,9,0,71,1,0.31,15.8
876,34.7,5.8,60.9,33.83,1.0,1014.1,48.8,241.2,81,83,0,4.18,0.0,17,3,97,0,0.04,14.8
877,36.31,7.6,74.6,24.04,0.54,1011.2,121.5,361.9,2,13,0,3.73,0.0,19,2,83,1,0.45,5.1
878,34.3,4.4,63.8,42.6,0.27,1008.2,49.5,219.3,10,11,0,4.15,0.0,4,3,96,0,0.03,20.5
879,35.87,3.1,71.4,31.58,0.51,1018.0,145.0,364.3,2,-1,0,3.61,0.0,21,1,71,1,0.33,11.7
880,32.0,-0.6,49.6,35.67,0.66,1017.8,124.0,191.7,0,-12,0,3.53,0.0,5,3,80,1,0.37,15.7
881,22.34,-11.8,25.7,14.38,0.12,1013.0,364.5,566.8,11,71,1,3.22,0.4,0,0,26,3,0.9,0.0
882,34.19,3.5,55.2,33.57,0.25,1012.3,52.3,225.5,6,7,0,3.85,0.0,1,2,94,0,0.05,12.9
883,33.93,3.2,66.3,51.6,0.93,1004.3,62.6,238.9,64,59,0,3.83,7.8,11,0,96,0,0.01,31.4
884,34.12,5.3,67.2,37.58,0.23,1021.9,72.9,221.0,4,2,0,4.01,0.0,6,1,88,0,0.02,16.2
885,34.03,5.1,59.9,36.99,0.3,999.8,39.8,224.8,10,15,0,4.17,0.0,5,0,91,0,0.05,15.9
886,34.63,2.6,64.4,49.01,0.14,1003.7,37.6,230.3,2,-1,0,4.11,0.0,21,2,92,0,0.06,25.3
887,30.14,-0.5,43.1,20.75,0.46,1002.4,234.1,490.0,1,-8,0,3.56,0.0,6,2,63,2,0.72,2.2
888,35.1,6.1,60.5,43.34,0.27,1000.8,55.8,221.9,9,14,0,4.11,0.0,20,1,96,0,0.11,21.1
889,35.19,5.4,60.3,40.84,0.99,1014.8,45.2,230.0,68,63,0,4.04,5.7,16,1,89,0,0.11,21.5
890,34.37,5.8,65.1,38.27,0.87,1021.8,36.6,237.7,63,58,0,3.86,4.7,12,3,98,0,0.05,18.7
891,34.27,5.7,67.9,33.31,0.23,1011.6,72.2,234.0,8,12,0,4.16,0.0,21,2,97,0,0.02,12.6
892,34.55,2.7,63.9,47.23,1.0,1014.6,40.6,231.8,74,73,0,3.85,8.6,14,0,88,0,0.1,27.6
893,26.15,-11.6,27.6,17.87,0.06,1019.9,289.5,753.0,5,95,1,3.12,1.3,7,3,42,3,0.88,0.0
894,35.09,4.0,58.1,41.86,0.3,1021.1,54.5,225.7,9,7,0,4.15,0.0,22,3,94,0,0.06,20.0
895,34.55,4.5,60.0,40.94,0.3,1016.0,36.7,231.8,8,11,0,3.85,0.0,2,3,91,0,0.07,19.2
896,32.0,1.4,51.1,36.53,0.55,998.7,136.5,349.6,0,6,0,3.63,0.0,20,2,84,1,0.35,16.2
897,34.56,5.4,65.1,50.55,0.2,1013.3,45.4,223.1,6,3,0,3.87,0.0,3,1,97,0,0.05,26.9
898,35.55,8.0,52.1,36.62,0.6,1016.3,139.0,374.1,4,19,1,3.64,0.0,20,1,80,1,0.27,16.4
899,35.12,6.7,60.1,37.55,0.21,1015.1,73.6,216.0,5,3,0,3.84,0.0,23,3,96,0,0.1,16.1
900,34.7,5.5,61.7,30.34,1.0,1013.0,73.0,243.2,75,75,0,4.06,8.0,11,2,91,0,0.03,11.5
901,24.89,2.5,88.4,15.88,0.06,1017.9,348.2,712.1,9,60,0,3.07,0.6,21,0,26,3,0.85,0.0
902,34.04,2.2,63.1,35.24,0.24,1001.6,39.7,224.7,10,6,0,3.82,0.0,6,0,92,0,0.12,14.2
903,34.88,4.0,56.1,41.64,0.32,1001.2,64.9,216.2,8,12,0,4.0,0.0,20,0,97,0,0.07,19.9
904,33.98,2.2,66.0,33.58,0.89,1018.7,53.7,240.0,62,63,0,4.11,8.0,15,0,88,0,0.06,14.4
905,34.16,1.8,71.0,36.5,0.53,1005.6,95.9,313.8,2,10,0,3.76,0.0,18,3,81,1,0.31,16.1
906,33.98,4.5,67.5,30.56,0.29,1003.5,71.0,243.9,8,8,1,3.81,0.0,22,2,92,0,0.03,10.4
907,34.13,3.6,63.4,49.11,0.14,1008.2,67.2,244.7,3,3,1,3.93,0.0,20,1,91,0,0.01,25.4
908,33.36,1.6,73.2,26.02,0.71,1005.0,125.1,342.0,5,5,0,3.83,0.0,23,1,84,1,0.31,7.1
909,32.62,5.6,53.9,27.06,0.67,1012.6,130.7,188.6,24,25,0,3.78,1.5,13,1,72,1,0.23,8.0
910,35.0,4.9,75.4,26.86,0.6,1000.1,142.6,192.5,3,-7,0,3.69,0.0,20,0,82,1,0.39,7.7
911,36.32,7.2,71.2,29.3,0.68,1013.8,133.5,342.8,50,39,0,3.61,4.1,14,1,84,1,0.33,10.0
912,34.57,4.0,57.4,31.39,0.26,1021.2,49.8,214.2,9,6,0,4.1,0.0,7,0,97,0,0.09,11.1
913,34.02,4.8,67.4,51.02,0.25,1011.3,70.9,217.5,8,5,0,4.05,0.0,0,2,98,0,0.07,27.5
914,29.45,-6.7,42.1,29.4,0.32,1003.3,245.6,495.6,2,17,1,3.52,0.0,4,1,68,2,0.61,9.5
915,33.83,5.8,59.3,43.45,1.0,1011.7,68.9,230.2,89,91,0,3.97,8.0,12,2,95,0,0.1,24.0
916,34.26,5.3,63.7,34.71,1.0,1001.6,56.8,236.6,71,67,0,3.85,8.7,14,0,96,0,0.11,15.7
917,34.31,2.8,64.5,30.83,0.15,1010.4,62.7,211.9,5,2,0,3.99,0.0,21,0,98,0,0.1,10.4
918,34.09,5.3,64.6,34.06,1.0,1004.7,61.7,223.0,72,72,0,3.82,8.1,16,3,88,0,0.09,15.1
919,42.54,5.4,30.2,20.1,0.15,1015.5,286.4,565.3,2,56,0,3.03,1.6,9,1,17,3,0.91,1.6
920,32.44,1.5,70.8,24.07,0.56,1000.8,141.4,181.7,1,15,0,3.57,0.0,18,2,72,1,0.35,5.2
921,35.51,6.3,69.6,34.54,0.49,1001.1,141.3,208.8,46,45,1,3.77,4.4,12,0,82,1,0.23,14.3
922,34.81,6.0,60.8,50.51,0.26,1007.1,62.5,233.2,10,12,0,4.08,0.0,5,0,97,0,0.01,27.1
923,34.19,0.8,52.3,25.41,0.53,1018.6,135.5,356.4,2,-8,0,3.74,0.0,6,0,74,1,0.36,6.3
924,23.72,-12.0,94.7,19.05,0.19,1011.7,358.7,711.1,5,74,1,3.26,1.3,18,2,18,3,0.94,0.7
925,34.8,6.7,52.0,37.09,0.6,999.8,99.9,294.2,32,30,0,3.64,4.8,11,1,70,1,0.23,16.8
926,35.19,4.3,67.1,35.08,0.21,1000.0,49.0,222.7,4,6,0,4.03,0.0,23,1,99,0,0.02,14.0
927,33.98,3.2,66.2,37.03,0.77,1004.9,53.9,243.1,46,46,0,4.13,7.0,13,0,99,0,0.01,17.2
928,34.66,5.2,66.8,39.31,0.29,1008.2,48.2,227.4,9,9,0,3.94,0.0,7,0,93,0,0.07,17.8
929,34.98,6.9,56.8,30.97,0.11,1019.9,66.5,226.2,2,-2,0,4.1,0.0,5,1,91,0,0.02,10.4
930,34.36,2.9,64.9,41.98,1.0,1000.6,34.0,215.7,73,68,0,4.05,6.0,13,1,88,0,0.03,22.6
931,34.07,4.9,55.6,37.31,1.0,1017.2,50.4,218.6,69,67,0,3.91,8.8,10,0,95,0,0.11,18.2
932,32.12,-1.9,69.8,30.01,0.52,1017.3,119.6,190.7,3,10,1,3.54,0.0,5,0,76,1,0.2,10.4
933,34.93,3.5,67.2,48.11,0.21,998.5,71.5,239.3,8,9,0,4.0,0.0,6,3,99,0,0.1,24.9
934,34.4,3.4,59.0,31.11,0.17,1004.3,44.9,230.6,3,-1,0,3.85,0.0,1,2,88,0,0.04,10.7
935,39.45,7.2,41.3,27.84,0.26,1012.4,217.4,464.1,0,0,0,3.45,0.0,7,0,54,2,0.7,8.1
936,34.54,6.8,70.2,29.8,0.61,1004.9,89.2,323.9,27,38,0,3.54,5.5,15,3,74,1,0.44,10.3
937,34.17,2.2,58.0,46.21,0.23,1008.7,37.8,221.3,4,2,0,4.03,0.0,1,3,89,0,0.07,23.4
938,36.37,3.7,72.3,31.22,0.67,1013.9,149.2,180.8,3,-11,0,3.56,0.0,0,0,71,1,0.22,11.7
939,35.17,2.0,76.5,29.17,0.64,1019.5,143.6,209.2,0,-8,0,3.68,0.0,21,0,84,1,0.33,9.8
940,41.84,10.3,33.7,20.26,0.1,1015.7,409.2,666.9,1,81,1,3.27,0.9,2,3,23,3,0.96,1.7
941,27.6,-5.5,25.6,16.24,0.16,1000.2,273.9,674.2,6,90,0,3.06,0.4,7,3,21,3,0.89,0.0
942,25.0,-9.0,27.4,15.05,0.17,1004.4,294.8,704.2,8,94,1,3.33,1.3,20,0,33,3,0.95,0.0
943,33.97,2.4,66.8,39.4,0.19,1014.6,34.0,230.3,3,3,0,3.89,0.0,18,2,98,0,0.06,17.6
944,34.33,3.5,56.4,44.74,1.0,1004.8,71.9,230.3,94,99,0,3.82,0.0,17,1,94,0,0.08,25.2
945,34.15,5.5,58.4,36.87,0.24,1020.4,57.5,210.9,9,12,1,4.01,0.0,19,3,90,0,0.02,15.6
946,30.17,-7.6,83.5,25.35,0.38,1007.5,217.4,530.5,1,-2,0,3.48,0.0,18,1,49,2,0.72,6.1
947,32.33,-1.7,76.3,36.54,0.72,1019.0,90.8,379.9,0,3,0,3.73,0.0,4,3,75,1,0.45,16.7
948,34.1,6.0,64.4,50.2,0.16,1002.0,70.2,222.0,5,0,0,3.95,0.0,22,3,99,0,0.1,26.4
949,34.17,4.3,63.0,45.33,1.0,1019.9,49.3,232.8,95,93,0,3.96,8.1,8,2,99,0,0.06,25.8
950,32.61,3.3,73.4,36.13,0.57,1018.3,133.9,196.4,5,-10,0,3.53,0.0,23,0,78,1,0.22,15.9
951,40.22,9.1,88.4,29.75,0.35,1014.5,214.6,506.3,1,25,0,3.43,0.0,3,1,57,2,0.73,9.8
952,34.17,2.5,59.1,44.95,0.18,1019.3,59.7,213.9,4,8,0,3.98,0.0,2,2,99,0,0.05,22.1
953,34.46,6.1,60.5,47.77,0.26,1011.9,62.8,217.9,10,13,0,3.96,0.0,1,2,90,0,0.09,24.8
954,34.33,3.6,55.1,47.75,1.0,1004.6,31.1,233.0,76,75,0,3.9,3.8,10,2,94,0,0.11,28.1
955,34.37,4.6,59.2,39.32,0.21,1020.9,49.6,215.7,6,6,0,3.93,0.0,23,3,97,0,0.11,17.6
956,34.51,3.7,62.9,35.68,1.0,999.3,49.1,218.5,90,90,0,3.85,7.0,10,1,93,0,0.09,16.6
957,33.67,5.2,45.1,26.13,0.5,1001.2,145.6,365.6,27,17,0,3.66,5.8,12,2,85,1,0.32,6.9
958,33.95,5.9,57.3,47.94,0.93,1009.4,61.9,213.5,63,66,0,4.04,9.0,10,0,96,0,0.01,27.9
959,34.49,2.5,62.3,49.41,1.0,1007.8,38.8,212.8,76,80,0,4.14,8.6,16,3,90,0,0.04,29.6
960,34.04,0.2,69.1,27.19,0.54,1013.3,95.7,305.1,50,45,0,3.64,4.8,8,1,81,1,0.21,7.9
961,22.77,-5.3,31.3,19.58,0.22,1013.7,304.9,624.6,4,76,1,3.01,1.9,11,2,32,3,0.83,1.1
962,37.27,8.1,80.1,26.15,0.43,1019.6,253.5,557.9,14,28,0,3.5,2.7,10,1,47,2,0.7,6.9
963,34.21,6.1,63.3,49.09,0.66,1011.0,63.4,227.1,41,39,0,3.86,3.9,12,1,99,0,0.06,27.8
964,41.14,14.4,26.7,19.03,0.14,998.9,328.0,778.7,3,71,1,3.22,0.5,2,3,40,3,0.95,0.7
965,34.8,5.8,60.2,37.6,0.16,999.3,51.3,220.0,3,4,0,4.15,0.0,22,0,92,0,0.12,16.0
966,39.41,7.9,84.8,26.42,0.41,1001.5,205.0,529.8,8,-12,0,3.52,0.0,17,1,65,2,0.57,7.1
967,39.81,13.4,82.7,25.99,0.33,1008.8,218.6,492.0,9,33,0,3.44,3.0,14,2,48,2,0.71,6.6
968,33.85,5.2,56.2,33.85,0.21,1003.7,62.8,230.9,8,7,0,4.01,0.0,4,2,95,0,0.03,13.0
969,33.96,2.3,63.4,34.62,0.19,1002.0,54.7,211.1,4,8,0,4.15,0.0,18,0,96,0,0.09,13.6
970,28.92,-7.8,35.1,21.15,0.48,1014.2,229.2,474.0,3,7,0,3.49,0.0,3,0,62,2,0.66,2.6
971,34.57,4.0,65.6,31.36,0.2,1000.0,38.5,223.4,3,2,0,3.91,0.0,22,3,91,0,0.05,10.9
972,33.33,3.6,51.9,37.75,0.54,1016.0,120.8,311.5,46,58,0,3.53,1.0,16,0,70,1,0.38,17.2
973,34.94,5.2,67.3,37.29,0.28,1000.2,72.9,230.6,9,5,0,3.96,0.0,5,0,94,0,0.11,16.1
974,28.35,2.1,87.2,28.08,0.39,1012.8,259.3,451.5,2,-18,1,3.48,0.0,0,3,63,2,0.73,8.5
975,34.59,3.5,57.5,38.31,0.28,1010.7,48.9,217.1,10,7,0,3.95,0.0,1,0,95,0,0.05,16.9
976,34.53,5.8,63.3,44.1,1.0,1008.9,35.3,228.5,83,88,0,3.81,0.0,17,3,94,0,0.1,24.6
977,30.38,3.6,88.4,28.49,0.41,999.9,173.3,543.4,2,11,0,3.55,0.0,2,3,45,2,0.53,8.9
978,42.46,20.4,92.1,16.04,0.07,1014.2,415.7,577.1,7,88,0,3.17,0.8,0,2,14,3,0.82,0.0
979,34.65,3.1,62.7,33.1,0.23,1019.9,72.3,225.3,4,1,0,4.02,0.0,20,1,99,0,0.06,12.4
980,33.98,4.0,65.7,37.02,1.0,998.0,45.6,220.3,71,66,0,4.12,4.3,8,2,93,0,0.1,17.9
981,25.79,-6.5,93.6,15.2,0.19,1005.9,321.3,613.3,0,88,1,3.3,2.0,18,0,41,3,0.88,0.0
982,33.92,2.1,61.8,45.15,0.2,1011.0,72.5,238.6,4,1,0,3.85,0.0,23,2,94,0,0.06,22.4
983,33.88,5.6,59.6,32.56,0.65,1002.5,55.3,234.4,43,39,1,3.87,6.1,11,0,98,0,0.1,12.9
984,33.09,-0.1,52.1,24.99,0.57,1017.9,88.5,186.0,0,-1,0,3.51,0.0,2,0,78,1,0.44,6.0
985,38.09,11.6,41.3,25.93,0.39,1009.3,182.7,510.4,3,9,0,3.42,0.0,20,0,53,2,0.52,6.6
986,30.5,6.0,43.3,20.83,0.48,1016.6,257.7,448.3,2,16,0,3.32,0.0,3,3,46,2,0.55,2.3
987,34.06,4.0,61.1,35.63,0.28,1007.7,43.4,244.0,7,9,0,3.93,0.0,21,3,94,0,0.11,14.7
988,34.4,2.5,57.5,50.48,0.84,1005.1,54.7,244.6,56,55,0,4.17,5.2,8,3,98,0,0.04,29.9
989,33.87,5.2,65.6,39.88,0.23,1017.8,71.7,234.7,8,8,0,4.17,0.0,4,0,97,0,0.03,18.1
990,34.27,4.4,65.0,44.65,0.2,1010.2,34.8,227.3,6,1,0,3.84,0.0,19,0,89,0,0.02,22.0
991,35.3,3.7,76.1,32.87,0.56,1000.0,130.8,318.9,31,21,0,3.82,2.6,12,0,78,1,0.43,13.0
992,37.64,10.2,42.1,21.58,0.35,1018.7,250.0,470.0,0,-20,0,3.58,0.0,5,0,48,2,0.5,2.9
993,42.22,21.1,93.1,20.69,0.13,1006.5,362.6,557.4,4,35,0,3.25,1.7,5,2,29,3,0.87,2.0
994,36.38,10.4,52.5,27.03,0.53,1006.4,88.1,188.6,5,9,0,3.57,0.0,23,2,73,1,0.42,7.8
995,34.51,4.0,64.1,43.79,0.31,1002.2,64.2,212.3,10,9,0,4.18,0.0,1,1,97,0,0.05,21.7
996,34.85,4.2,66.8,38.53,0.63,1007.5,60.9,221.9,42,42,0,3.99,0.0,17,2,88,0,0.11,18.2
997,34.34,5.1,60.7,41.02,0.87,1014.8,41.8,237.2,55,57,0,4.14,4.7,13,0,92,0,0.03,21.2
998,34.35,5.4,61.0,30.18,0.88,1019.6,64.1,239.6,61,61,0,3.8,6.2,11,1,93,0,0.12,11.2
999,34.55,4.2,57.4,47.36,0.17,1013.4,32.8,216.5,4,2,0,3.83,0.0,5,2,88,0,0.09,24.1
1000,33.81,3.3,64.9,35.35,1.0,998.2,54.3,242.0,72,71,0,3.83,5.7,13,0,90,0,0.03,16.3
1001,41.64,12.9,34.0,20.0,0.2,1003.5,353.5,775.9,7,71,1,3.21,1.2,21,2,17,3,0.86,1.5
1002,36.24,9.3,53.0,30.47,0.58,1017.2,94.2,332.1,0,-7,1,3.71,0.0,7,3,84,1,0.2,10.9
1003,34.64,2.8,72.3,26.39,0.55,1014.5,147.2,359.5,5,11,0,3.77,0.0,5,1,85,1,0.33,7.2
1004,34.88,6.2,61.5,31.79,0.3,1014.6,39.5,223.0,10,13,0,4.08,0.0,18,0,95,0,0.09,11.5
1005,35.6,6.9,53.3,31.66,0.55,1019.2,116.1,201.0,33,20,0,3.68,3.9,12,0,78,1,0.42,11.9
1006,26.33,0.2,88.0,18.38,0.19,1021.7,296.6,599.2,4,46,1,3.23,0.3,1,0,20,3,0.83,0.1
1007,36.44,10.1,51.7,33.95,0.64,1003.0,89.3,208.7,4,8,0,3.76,0.0,20,1,74,1,0.38,14.1
1008,41.05,1.5,93.7,15.71,0.17,1007.8,344.7,745.6,2,43,1,3.27,0.3,1,2,22,3,0.8,0.0
1009,35.18,4.5,55.7,40.05,1.0,1013.6,62.2,230.8,93,95,0,3.84,6.5,12,1,89,0,0.02,20.8
1010,35.04,5.9,63.9,30.9,0.32,1018.2,63.4,226.4,8,12,0,4.16,0.0,19,0,88,0,0.03,10.8
1011,34.34,2.9,57.1,39.24,0.14,1019.8,55.5,238.1,5,1,0,3.95,0.0,23,2,94,0,0.11,17.3
1012,34.78,2.9,67.1,37.96,0.94,1007.4,33.8,227.9,65,65,0,4.09,4.9,14,0,95,0,0.08,18.6
1013,32.91,-0.8,72.2,25.81,0.5,1004.1,85.6,191.3,3,-6,0,3.81,0.0,6,2,79,1,0.23,6.7
1014,40.29,16.7,81.5,26.36,0.49,1012.9,227.4,434.2,21,33,0,3.45,4.0,13,1,64,2,0.74,7.1
1015,35.48,1.7,51.4,31.84,0.67,1002.5,127.8,191.4,34,25,0,3.75,5.8,13,1,84,1,0.27,12.3
1016,34.13,5.0,58.2,31.71,0.68,1018.7,72.7,243.2,42,40,0,4.05,6.2,11,0,99,0,0.01,12.2
1017,37.94,9.6,83.0,23.36,0.3,1020.3,218.7,545.3,2,22,0,3.43,0.0,23,3,53,2,0.63,4.4
1018,23.25,-0.9,88.6,18.01,0.21,1007.6,321.5,635.1,8,31,0,3.32,0.6,19,3,22,3,0.8,0.0
1019,33.78,5.7,71.0,36.18,0.52,1007.2,114.0,372.3,0,-1,0,3.77,0.0,4,2,73,1,0.35,15.8
1020,42.13,5.2,27.2,19.44,0.2,1003.4,404.6,766.4,1,68,1,3.28,0.9,9,0,33,3,0.86,1.0
1021,34.7,5.6,64.5,33.13,0.18,1001.8,52.3,228.6,7,4,0,4.01,0.0,21,0,96,0,0.02,12.3
1022,32.85,0.5,49.5,25.57,0.5,1019.0,114.9,348.0,51,37,0,3.8,5.7,11,2,83,1,0.37,6.4
1023,28.53,-6.5,85.5,22.79,0.27,1017.5,200.7,447.3,0,-13,0,3.58,0.0,4,1,56,2,0.65,3.9
1024,35.11,5.8,59.2,50.26,0.64,1013.9,53.4,244.4,42,37,0,4.08,0.0,17,0,90,0,0.02,28.7
1025,34.65,6.1,57.9,41.64,0.23,1007.1,55.8,237.7,5,6,0,4.18,0.0,6,0,91,0,0.11,19.6
1026,34.49,1.2,77.1,30.78,0.52,1001.6,86.7,197.3,60,72,0,3.63,4.1,11,2,76,1,0.41,11.0
1027,34.66,5.8,66.6,48.76,0.24,1003.4,57.2,216.1,6,6,0,4.1,0.0,4,3,93,0,0.03,25.5
1028,35.16,5.7,61.1,41.25,0.97,1000.4,34.1,211.7,69,64,0,4.16,7.7,13,0,91,0,0.1,21.8
1029,33.94,4.2,63.4,44.91,0.86,1015.0,72.8,244.3,54,57,0,3.83,8.2,15,0,98,0,0.08,24.8
1030,34.3,6.3,75.5,37.75,0.49,1001.7,93.5,377.0,33,40,0,3.75,1.1,8,2,79,1,0.23,17.1
1031,35.19,7.3,52.7,35.49,0.62,1019.5,96.6,192.2,44,34,0,3.57,0.0,17,1,82,1,0.36,15.4
1032,31.42,-3.0,78.6,28.28,0.25,1013.7,199.7,531.0,2,-12,0,3.37,0.0,23,3,54,2,0.63,8.4
1033,34.72,5.4,57.9,47.26,0.72,1004.6,47.3,224.0,43,46,0,4.11,6.1,10,1,89,0,0.05,26.4
1034,34.15,4.4,55.9,31.9,0.75,998.4,37.8,231.9,44,44,0,3.83,7.7,15,0,93,0,0.08,12.5
1035,34.33,4.6,67.8,47.71,0.22,1001.8,56.6,225.8,9,9,0,4.11,0.0,21,0,90,0,0.01,24.6
1036,35.13,5.9,75.3,34.53,0.57,1011.6,90.8,374.1,4,-4,0,3.64,0.0,0,0,84,1,0.33,14.5
1037,34.03,3.9,61.4,32.9,1.0,1009.4,51.8,212.8,78,75,0,3.81,8.8,16,3,96,0,0.09,14.0
1038,34.98,3.2,67.2,34.47,1.0,1014.1,72.3,234.0,84,83,0,3.95,0.0,17,3,88,0,0.04,15.5
1039,33.97,4.1,55.6,40.7,0.16,1015.1,35.4,212.4,2,2,0,4.01,0.0,18,2,92,0,0.06,18.5
1040,34.59,4.9,60.1,38.82,0.27,1002.8,43.9,233.3,8,10,0,4.15,0.0,0,1,89,0,0.11,17.3
1041,32.16,5.6,45.3,24.53,0.65,1019.2,111.4,349.9,50,41,0,3.7,4.1,11,3,84,1,0.44,5.7
1042,34.77,5.1,57.9,33.94,0.22,1003.6,39.3,234.3,9,4,0,3.86,0.0,18,2,91,0,0.06,13.1
1043,36.4,4.4,50.0,33.2,0.52,1005.4,122.0,319.3,2,0,0,3.76,0.0,2,2,79,1,0.42,13.2
1044,33.47,6.3,73.7,32.1,0.53,999.1,124.2,340.7,36,29,0,3.59,3.0,8,0,75,1,0.2,12.2
1045,34.81,2.8,64.4,44.14,1.0,1016.2,39.8,230.1,92,95,0,4.15,4.0,10,3,88,0,0.03,24.6
1046,34.04,2.6,66.2,37.65,0.88,1001.0,64.3,226.8,59,62,0,3.96,5.4,14,1,90,0,0.1,18.1
1047,34.19,5.7,60.6,34.92,0.18,1000.8,43.7,242.5,4,8,1,4.14,0.0,7,0,89,0,0.11,13.8
1048,34.35,2.7,59.6,37.42,0.28,1012.6,61.8,223.7,7,11,0,3.8,0.0,23,3,89,0,0.11,16.2
1049,34.65,1.1,75.0,29.19,0.69,1015.8,110.8,287.2,4,6,0,3.56,0.0,2,2,75,1,0.41,9.9
1050,34.44,4.8,57.4,35.1,0.16,1017.7,48.3,233.0,2,1,0,3.99,0.0,1,1,98,0,0.09,13.9
1051,35.06,6.7,67.3,48.93,0.21,1013.9,44.1,234.8,4,8,0,3.82,0.0,0,0,98,0,0.11,25.6
1052,29.05,0.2,37.7,27.94,0.46,1006.1,244.1,428.2,12,26,0,3.35,3.4,15,3,53,2,0.64,8.5
1053,35.62,9.4,46.8,25.91,0.49,1002.7,93.7,198.7,34,19,0,3.85,2.1,14,2,77,1,0.42,6.7
1054,34.83,3.2,56.6,39.63,0.9,999.4,70.5,237.4,63,58,0,4.03,5.4,13,3,91,0,0.1,20.0
1055,33.91,5.4,66.7,47.95,1.0,1005.1,71.0,235.7,75,74,1,3.9,8.5,8,2,88,0,0.1,28.3
1056,34.8,4.9,67.4,31.29,0.21,1016.6,59.8,214.6,2,2,0,4.15,0.0,2,0,96,0,0.04,10.9
1057,35.32,8.1,70.6,27.69,0.55,1014.3,91.9,198.0,1,15,0,3.58,0.0,3,3,84,1,0.42,8.4
1058,35.02,3.2,55.8,38.67,0.25,1009.7,37.0,231.0,7,8,0,4.15,0.0,20,1,90,0,0.09,17.1
1059,34.88,4.7,56.0,32.62,0.15,1017.4,38.4,214.5,3,-2,0,3.89,0.0,20,1,99,0,0.05,11.9
1060,36.28,4.7,49.1,32.81,0.51,1002.3,88.2,188.7,0,10,0,3.54,0.0,23,0,78,1,0.44,12.8
1061,34.04,5.3,56.8,34.85,0.83,1014.3,52.2,223.6,56,54,0,3.94,5.1,10,0,94,0,0.03,15.4
1062,34.7,5.5,66.0,47.96,0.16,1018.2,38.7,216.8,2,5,0,3.91,0.0,21,2,88,0,0.11,24.5
1063,34.45,4.5,65.5,46.85,1.0,1013.0,30.5,223.1,83,84,0,4.09,5.2,15,2,95,0,0.1,27.2
1064,34.72,4.4,57.1,35.9,0.23,998.4,69.5,235.9,8,6,0,3.92,0.0,5,3,93,0,0.03,14.8
1065,33.92,5.0,65.5,43.04,0.14,1001.6,36.0,232.9,4,1,0,4.13,0.0,2,3,94,0,0.11,20.4
1066,35.37,4.1,72.4,35.57,0.65,1013.0,115.1,184.6,46,36,0,3.83,1.2,10,2,80,1,0.29,15.6
1067,34.09,5.8,56.4,36.0,0.15,1018.4,59.5,236.6,2,-3,0,4.07,0.0,0,2,98,0,0.03,14.6
1068,33.79,3.6,74.6,29.84,0.58,1004.3,142.4,196.1,3,5,0,3.81,0.0,3,1,73,1,0.23,10.3
1069,35.18,6.2,64.8,33.91,0.72,1005.5,67.7,233.6,42,43,0,3.99,0.0,17,0,95,0,0.08,14.3
1070,33.35,5.9,51.7,28.15,0.5,998.4,135.4,323.5,28,19,0,3.75,3.2,10,3,72,1,0.24,8.7
1071,34.03,4.1,58.3,50.63,0.28,1012.8,39.8,244.0,6,8,0,4.13,0.0,22,0,89,0,0.11,27.3
1072,34.63,5.0,63.0,45.36,0.18,1015.7,55.9,228.4,4,7,0,3.82,0.0,4,3,94,0,0.11,22.5
1073,32.3,1.9,70.0,25.35,0.54,998.0,95.5,334.4,1,13,1,3.78,0.0,23,1,77,1,0.27,6.3
1074,42.04,17.5,30.1,15.15,0.13,1018.9,361.7,563.7,6,85,1,3.09,0.5,11,1,40,3,0.95,0.0
1075,36.24,7.0,76.1,36.37,0.71,1000.5,111.5,195.2,5,-7,0,3.76,0.0,19,3,75,1,0.39,16.5
1076,27.84,-5.4,93.3,14.69,0.14,1018.5,388.7,596.3,3,49,0,3.34,0.7,13,2,35,3,0.82,0.0
1077,35.11,4.6,64.6,38.48,1.0,1020.4,61.5,224.2,70,72,0,4.04,5.5,16,3,88,0,0.07,19.3
1078,37.87,7.2,79.4,29.18,0.42,1005.2,220.7,553.9,8,17,0,3.48,2.5,16,0,52,2,0.62,9.5
1079,34.75,4.4,67.9,38.11,0.3,1000.3,67.0,215.3,8,9,0,3.95,0.0,21,3,93,0,0.03,16.8
1080,34.66,4.4,62.7,43.25,0.9,1012.6,70.1,215.7,60,58,0,3.8,5.9,10,3,90,0,0.04,23.4
1081,32.69,4.7,48.8,29.55,0.46,1006.4,149.3,356.4,56,60,1,3.77,3.3,14,2,85,1,0.37,9.9
1082,33.91,4.3,61.6,39.04,0.17,1012.0,66.1,238.1,6,2,0,4.0,0.0,19,2,91,0,0.08,17.2
1083,25.51,-3.3,90.3,19.64,0.2,1021.1,271.5,689.1,10,95,1,3.06,1.7,17,0,17,3,0.98,1.2
1084,34.57,4.3,66.7,48.34,0.23,1002.6,30.8,229.1,6,9,0,3.88,0.0,1,3,96,0,0.07,25.2
1085,34.23,6.1,65.6,48.33,0.28,1020.2,54.8,231.7,9,8,0,3.93,0.0,21,0,91,0,0.12,25.4
1086,28.85,-5.4,85.9,23.56,0.3,1002.6,236.0,476.5,23,41,0,3.59,1.9,14,2,53,2,0.51,4.5
1087,34.6,4.9,61.5,32.6,0.69,1019.3,51.6,235.2,41,46,0,4.04,3.7,14,2,91,0,0.02,13.0
1088,35.09,6.4,58.9,40.65,0.2,1020.6,73.6,214.6,2,3,0,4.01,0.0,3,0,93,0,0.11,18.6
1089,32.61,3.1,71.4,26.5,0.7,998.7,123.8,184.1,47,56,0,3.71,2.7,12,1,79,1,0.25,7.5
1090,34.34,4.3,62.0,43.22,1.0,1000.0,60.8,221.4,78,76,0,4.11,4.8,15,2,88,0,0.03,23.8
1091,34.29,2.6,56.3,46.3,0.13,1016.7,61.6,240.2,2,-3,0,4.16,0.0,4,2,89,0,0.11,23.0
1092,34.22,6.8,75.7,28.49,0.63,1018.2,119.8,187.4,2,4,0,3.56,0.0,7,1,79,1,0.35,9.2
1093,33.96,5.6,61.5,31.2,0.28,1008.8,52.0,231.5,9,5,0,4.04,0.0,4,2,97,0,0.05,10.9
1094,34.87,5.7,63.3,46.1,1.0,1017.3,46.0,214.9,68,71,0,4.12,8.1,9,2,97,0,0.02,26.5
1095,34.21,3.4,66.7,41.75,0.25,1003.8,39.1,221.7,9,12,0,3.88,0.0,18,3,89,0,0.02,19.7
1096,33.85,4.2,61.2,37.76,0.22,1005.6,54.1,216.1,10,6,0,3.87,0.0,20,1,96,0,0.04,16.3
1097,34.42,5.0,59.0,40.62,0.26,1014.5,44.7,233.1,7,5,0,3.84,0.0,2,2,89,0,0.07,18.8
1098,34.33,5.8,56.1,47.8,0.23,1012.5,51.6,236.0,4,8,0,3.92,0.0,6,2,94,0,0.03,24.7
1099,34.06,6.8,48.1,24.68,0.61,1014.9,124.6,203.7,22,10,0,3.58,1.1,8,3,80,1,0.43,5.8
1100,33.39,3.9,74.5,32.67,0.7,1011.5,110.3,195.4,53,47,0,3.72,0.0,17,3,81,1,0.31,13.1
1101,34.79,4.2,59.5,48.54,1.0,1013.9,53.4,243.1,87,83,0,3.97,6.7,11,3,97,0,0.09,28.8
1102,30.16,-4.4,88.0,27.51,0.38,1017.1,205.2,431.5,0,1,0,3.38,0.0,20,0,48,2,0.57,8.0
1103,35.02,6.5,61.8,45.97,0.18,1000.0,47.6,228.3,3,0,0,3.99,0.0,6,3,96,0,0.09,23.0
1104,31.78,0.4,78.1,24.45,0.39,1003.3,242.1,523.3,1,-13,0,3.34,0.0,7,3,58,2,0.71,5.4
1105,35.15,2.9,49.8,35.71,0.54,999.9,86.3,208.8,20,29,0,3.64,4.7,11,0,77,1,0.23,15.4
1106,38.08,14.1,81.5,20.59,0.38,1004.8,172.1,521.3,0,16,0,3.54,0.0,7,1,67,2,0.71,2.0
1107,34.8,4.8,57.7,34.52,0.31,1012.4,33.1,222.0,10,12,0,3.97,0.0,1,1,93,0,0.03,13.8
1108,34.14,4.3,63.0,51.46,0.32,1003.9,61.7,231.9,10,10,0,3.96,0.0,18,1,92,0,0.05,28.2
1109,37.84,1.2,80.0,22.9,0.35,1009.3,194.7,542.8,0,4,0,3.31,0.0,20,2,61,2,0.52,4.0
1110,34.02,5.7,62.7,37.55,0.19,1014.9,74.9,232.8,8,3,0,3.83,0.0,5,3,92,0,0.1,16.0
1111,33.95,2.1,68.0,37.36,1.0,998.9,50.8,243.2,80,78,0,3.91,8.1,13,0,93,0,0.01,18.2
1112,35.17,6.7,55.1,50.54,0.23,1016.1,36.4,224.7,8,5,0,4.04,0.0,21,0,95,0,0.08,27.0
1113,36.45,3.0,73.8,32.5,0.71,1010.2,87.9,306.0,5,17,0,3.7,0.0,7,2,78,1,0.24,13.0
1114,33.68,1.4,47.1,35.84,0.48,1016.2,139.0,354.9,49,38,0,3.57,4.2,8,2,73,1,0.31,15.4
1115,35.13,5.5,62.7,34.52,1.0,1016.3,64.2,241.5,72,74,0,3.94,6.3,8,0,91,0,0.09,15.5
1116,30.87,-3.7,84.8,28.26,0.47,1021.3,171.3,553.2,11,23,0,3.36,0.9,14,0,53,2,0.52,8.8
1117,32.82,6.0,53.0,24.1,0.65,1003.2,124.7,190.7,49,38,1,3.52,4.5,8,0,78,1,0.37,5.3
1118,25.31,-11.1,93.0,15.01,0.1,1021.6,377.2,621.2,10,48,0,3.01,1.5,8,2,16,3,0.89,0.0
1119,34.05,5.6,56.0,36.37,0.16,1010.8,52.3,220.4,4,1,0,4.05,0.0,18,3,94,0,0.03,15.0
1120,34.23,3.1,61.8,30.26,0.19,998.8,34.5,223.4,2,4,0,4.05,0.0,19,0,90,0,0.02,10.0
1121,34.92,6.4,64.4,42.83,0.94,1020.9,33.2,222.6,66,69,0,4.03,3.7,10,1,91,0,0.02,23.2
1122,34.45,3.5,63.0,39.93,0.17,1009.3,34.0,236.3,2,7,0,4.01,0.0,18,0,88,0,0.05,17.9
1123,34.06,4.2,55.3,47.43,0.28,998.2,67.1,221.1,6,7,0,3.86,0.0,2,3,89,0,0.1,24.6
1124,33.88,4.8,67.7,34.04,0.82,1000.0,67.1,236.6,58,55,0,3.81,5.4,8,2,97,0,0.03,14.6
1125,34.23,5.3,65.7,43.57,0.18,1001.1,65.9,226.6,4,5,0,4.04,0.0,23,0,89,0,0.05,21.0
1126,34.89,6.3,73.6,33.69,0.61,1020.3,148.1,188.1,42,53,0,3.63,1.7,13,0,73,1,0.23,13.8
1127,34.4,5.9,66.5,35.62,0.29,1009.1,74.7,234.6,10,11,0,4.15,0.0,18,0,94,0,0.07,14.7
1128,34.18,2.8,60.9,42.26,0.25,1001.1,31.1,236.2,9,14,0,4.02,0.0,1,0,97,0,0.06,20.2
1129,34.37,4.2,64.6,38.65,1.0,1010.2,64.4,242.7,89,87,0,4.12,7.8,13,2,92,0,0.12,19.4
1130,22.95,-13.3,95.7,19.0,0.05,1018.8,331.5,613.1,2,48,1,3.06,1.5,8,3,42,3,0.88,0.6
1131,34.09,6.1,57.8,35.47,1.0,1010.5,32.7,210.6,73,74,0,3.95,4.8,11,2,88,0,0.02,16.4
1132,33.97,2.3,65.4,42.49,0.22,1015.8,31.0,243.4,3,4,0,3.89,0.0,18,0,91,0,0.09,20.2
1133,34.97,8.6,73.4,35.96,0.7,1020.1,132.6,378.9,0,15,0,3.85,0.0,18,3,71,1,0.3,16.1
1134,33.2,4.6,69.0,36.35,0.54,1001.4,139.3,182.5,0,1,0,3.69,0.0,18,2,78,1,0.29,16.0
1135,33.83,2.0,63.3,34.48,0.21,1012.6,66.2,233.3,3,3,0,3.96,0.0,18,2,94,0,0.06,13.5
1136,34.79,3.2,66.2,31.29,0.63,1014.5,49.4,215.2,43,39,0,4.07,8.0,8,2,96,0,0.09,11.7
1137,34.46,4.8,75.7,31.43,0.59,1017.0,147.9,369.1,1,-13,1,3.59,0.0,4,1,74,1,0.28,11.8
1138,34.02,3.8,67.1,31.92,0.66,1014.5,45.5,225.9,40,39,0,4.01,4.3,11,1,89,0,0.09,12.3
1139,36.68,9.7,68.2,30.51,0.5,1003.8,128.3,183.4,0,-14,1,3.65,0.0,2,1,72,1,0.21,10.8
1140,33.93,2.3,66.4,46.17,0.27,1020.7,70.8,217.0,4,8,0,3.93,0.0,4,3,98,0,0.02,23.5
1141,34.83,5.1,60.7,38.4,0.17,1003.3,44.6,243.5,6,5,0,4.05,0.0,22,2,95,0,0.11,16.7
1142,35.15,6.1,56.4,45.82,0.28,1006.4,34.0,218.3,7,9,0,4.17,0.0,20,2,90,0,0.04,23.3
1143,34.37,3.6,57.2,32.78,1.0,1007.3,72.3,236.5,87,92,0,3.95,8.9,13,0,94,0,0.07,13.9
1144,41.19,8.5,95.4,17.57,0.19,1013.3,401.9,753.3,6,86,0,3.1,0.9,11,3,17,3,0.8,0.0
1145,35.16,5.5,56.4,51.42,0.98,1015.7,53.0,227.5,70,69,0,3.9,4.7,11,0,99,0,0.02,31.5
1146,24.02,-14.0,32.6,15.8,0.18,1016.4,360.7,722.8,2,75,1,3.14,1.4,12,1,32,3,0.94,0.0
1147,34.62,2.8,69.5,28.72,0.61,1010.7,101.2,192.9,2,-6,0,3.81,0.0,3,3,75,1,0.33,9.4
1148,35.19,4.2,60.3,47.96,1.0,1000.0,69.0,210.6,94,90,0,3.86,8.3,8,3,98,0,0.04,28.3
1149,33.84,4.3,64.2,30.09,0.33,1021.7,32.3,231.4,10,11,0,3.84,0.0,23,1,96,0,0.09,10.1
1150,34.78,3.5,56.4,31.97,0.13,1003.8,50.1,239.0,2,-2,0,3.88,0.0,6,1,95,0,0.11,11.3
1151,34.83,3.0,74.5,29.43,0.7,1004.2,112.0,183.1,5,14,0,3.83,0.0,22,3,71,1,0.37,10.2
1152,39.88,9.0,82.0,23.41,0.33,1014.2,160.9,436.9,1,9,1,3.34,0.0,18,2,50,2,0.61,4.4
1153,34.89,6.4,62.8,32.33,0.7,1002.9,32.5,217.9,47,48,0,3.84,6.9,14,0,90,0,0.12,12.8
1154,34.49,4.3,56.6,39.84,0.17,1014.2,38.9,221.9,5,0,0,4.14,0.0,19,3,92,0,0.01,17.9
1155,34.23,5.1,45.3,34.75,0.51,998.9,96.0,366.8,1,11,0,3.57,0.0,22,2,73,1,0.44,14.5
1156,34.99,4.2,58.4,45.01,1.0,1020.6,60.0,210.7,91,93,0,4.06,4.9,12,3,93,0,0.1,25.5
1157,34.83,4.7,65.9,30.1,0.27,1004.2,70.3,238.8,8,4,0,3.94,0.0,4,0,98,0,0.12,10.0
1158,39.43,4.4,87.5,20.66,0.26,1005.6,217.8,460.4,2,14,0,3.33,0.0,5,2,47,2,0.59,2.1
1159,34.32,2.8,55.9,45.36,0.27,1003.6,51.4,222.8,10,11,0,3.89,0.0,7,0,97,0,0.11,22.8
1160,34.26,2.9,65.7,35.71,1.0,1000.9,69.6,219.7,71,72,0,4.11,0.0,17,0,94,0,0.07,16.6
1161,34.25,4.2,64.9,49.93,1.0,1000.4,68.9,214.8,89,85,0,3.84,4.8,15,1,97,0,0.05,30.1
1162,35.0,3.9,63.3,35.0,0.98,1008.1,64.3,238.4,69,66,0,4.1,5.9,11,2,93,0,0.09,15.9
1163,34.3,4.4,60.7,40.2,1.0,1015.3,31.2,217.1,92,95,0,4.09,6.1,14,3,91,0,0.12,20.9
1164,34.23,4.7,58.0,48.07,0.29,1001.9,30.7,216.5,9,8,0,3.92,0.0,6,0,90,0,0.06,25.2
1165,34.85,6.9,63.9,42.21,0.28,1013.7,48.1,215.2,9,6,0,3.97,0.0,5,2,90,0,0.06,20.2
1166,35.12,5.4,66.2,51.27,0.82,1010.1,61.8,243.0,53,56,0,3.85,6.8,12,1,96,0,0.03,30.5
1167,34.74,5.3,55.4,43.01,1.0,998.6,41.8,242.1,73,74,0,3.93,5.5,15,0,88,0,0.04,23.6
1168,34.61,6.4,64.6,39.44,1.0,1009.4,73.1,221.5,94,96,1,3.87,7.1,16,1,95,0,0.05,20.2
1169,34.27,3.3,58.3,48.29,0.17,1001.1,49.6,212.7,2,0,0,3.87,0.0,19,3,94,0,0.03,24.8
1170,34.79,6.4,57.3,48.39,0.2,1001.9,59.0,226.9,3,-1,0,3.99,0.0,23,1,95,0,0.08,25.1
1171,34.61,8.4,70.7,37.16,0.68,1002.3,120.9,187.0,43,33,0,3.5,3.9,9,1,75,1,0.4,17.1
1172,35.17,4.0,58.5,31.33,1.0,999.9,60.5,219.4,93,89,0,3.97,8.4,13,0,91,0,0.09,12.5
1173,29.37,4.8,78.4,21.84,0.48,1004.7,218.3,449.2,3,12,0,3.37,0.0,6,3,59,2,0.51,3.2
1174,40.51,7.2,92.5,14.43,0.2,1015.7,381.2,723.9,5,63,0,3.21,2.0,14,3,34,3,0.85,0.0
1175,34.02,2.7,64.9,32.59,0.21,999.4,38.1,240.1,4,8,0,3.82,0.0,7,1,97,0,0.12,12.0
1176,34.7,3.8,65.7,37.83,1.0,1010.1,50.4,215.8,81,80,0,4.04,6.9,13,3,95,0,0.05,18.6
1177,33.8,3.4,64.7,33.73,1.0,1002.0,74.7,236.4,94,89,0,4.15,0.0,17,3,90,0,0.07,14.8
1178,36.53,2.8,47.1,27.15,0.69,1003.9,87.1,337.2,0,3,0,3.57,0.0,2,2,70,1,0.25,8.1
1179,34.32,2.7,63.5,43.6,0.17,1003.4,44.9,239.9,2,-2,0,3.91,0.0,2,0,98,0,0.1,21.0
1180,33.0,6.0,75.8,26.28,0.57,1018.0,97.5,365.0,45,59,1,3.69,2.7,12,2,77,1,0.39,7.2
1181,35.03,5.4,55.7,49.97,0.97,999.8,65.1,236.3,65,65,0,4.16,4.1,8,2,95,0,0.04,30.0
1182,34.19,5.5,55.9,44.1,1.0,1008.7,30.7,216.4,89,88,0,3.93,8.9,14,2,90,0,0.02,24.6
1183,34.32,2.7,64.4,37.01,0.25,1001.4,35.8,224.8,6,8,0,4.15,0.0,22,1,89,0,0.04,15.8
1184,34.93,4.1,58.0,36.94,0.23,1018.6,30.2,230.8,10,9,0,3.86,0.0,0,3,93,0,0.02,15.6
1185,34.18,5.2,64.4,35.23,0.75,1012.5,36.3,230.4,46,45,0,3.97,8.5,11,0,90,0,0.06,15.5
1186,33.21,4.8,77.7,33.46,0.64,1011.0,117.6,361.9,5,15,0,3.54,0.0,4,2,70,1,0.25,13.7
1187,34.69,5.3,65.8,42.96,0.87,1015.2,38.9,217.3,55,52,0,3.84,8.3,15,0,90,0,0.11,23.0
1188,27.3,-1.6,92.0,19.81,0.14,1002.1,387.7,719.1,8,54,0,3.11,0.9,21,2,16,3,0.94,1.3
1189,33.98,5.3,62.6,49.25,0.27,1018.9,37.6,220.7,5,10,0,4.02,0.0,23,2,90,0,0.03,26.1
1190,34.29,5.9,65.3,33.79,0.23,1020.7,72.0,224.2,6,8,0,3.9,0.0,0,0,88,0,0.03,13.0
1191,25.42,-2.1,88.1,15.19,0.17,1018.1,272.0,711.5,6,80,1,3.14,0.0,5,1,40,3,0.96,0.0
1192,34.06,3.9,61.2,31.65,0.26,1002.3,42.8,211.4,5,9,0,3.88,0.0,18,2,91,0,0.05,11.3
1193,31.8,-2.2,87.4,21.44,0.37,1017.9,229.5,478.8,0,13,1,3.42,0.0,5,2,66,2,0.59,2.8
1194,41.48,16.6,92.2,15.6,0.08,1000.7,410.9,552.4,9,71,1,3.03,1.7,1,3,39,3,0.91,0.0
1195,34.7,6.2,65.3,33.02,0.21,1016.0,41.7,234.9,8,7,0,3.93,0.0,6,3,92,0,0.11,12.3
1196,34.72,3.2,60.0,39.28,1.0,1017.4,46.3,243.3,88,83,0,4.03,4.5,14,1,92,0,0.12,20.0
1197,30.2,-4.1,79.0,21.72,0.42,999.9,244.6,506.8,23,15,1,3.35,2.5,15,2,53,2,0.6,3.0
1198,34.28,3.3,65.2,35.62,0.98,1007.1,65.8,227.5,64,68,0,3.86,8.3,15,1,93,0,0.09,16.5
1199,33.86,3.4,63.9,44.36,0.25,1005.5,37.8,228.1,6,2,1,3.93,0.0,4,3,93,0,0.07,21.9
1200,34.35,4.4,58.6,42.79,0.12,1013.5,44.5,230.6,2,-3,0,3.9,0.0,23,2,92,0,0.06,20.1
1201,34.44,5.4,67.4,38.72,0.97,1007.9,53.5,219.7,69,64,0,3.97,7.1,13,0,94,0,0.1,19.4
1202,33.86,4.3,73.5,33.72,0.59,1020.2,137.6,182.0,39,52,0,3.76,3.9,14,1,74,1,0.43,13.8
1203,34.52,2.9,59.3,30.45,0.33,1003.5,61.4,232.7,10,11,0,4.09,0.0,5,0,93,0,0.06,10.4
1204,34.39,2.7,61.6,34.64,0.33,1002.4,39.5,223.9,9,14,0,4.1,0.0,7,3,96,0,0.11,14.0
1205,35.0,4.6,66.8,39.95,0.21,1017.8,58.9,237.2,2,5,0,3.88,0.0,5,3,98,0,0.09,18.1
1206,34.75,2.0,74.8,30.74,0.56,1013.3,96.0,198.5,52,61,0,3.61,6.0,12,3,70,1,0.28,11.1
1207,33.97,2.6,60.9,41.99,0.22,1016.3,41.8,240.0,8,4,0,3.81,0.0,18,1,90,0,0.05,19.8
1208,35.15,3.4,66.7,42.79,1.0,1009.8,30.7,216.7,91,95,0,4.03,7.2,12,1,96,0,0.07,23.4
1209,34.25,5.2,66.5,40.07,1.0,1007.7,39.2,238.1,69,65,1,3.96,0.0,17,1,97,0,0.1,20.8
1210,34.81,5.4,62.7,46.96,0.79,1011.6,60.9,233.3,45,50,0,4.18,6.8,9,1,92,0,0.01,26.4
1211,34.33,3.3,57.3,30.04,0.96,1004.7,57.8,238.7,68,66,0,3.86,9.0,13,3,96,0,0.04,11.2
1212,35.76,4.4,52.4,36.04,0.45,1006.2,89.9,183.3,3,4,0,3.83,0.0,7,0,77,1,0.27,15.5
1213,34.71,6.5,58.3,41.24,0.21,1012.4,64.8,242.2,4,9,0,3.97,0.0,20,0,95,0,0.02,19.2
1214,32.2,-0.5,46.8,26.23,0.49,1018.2,118.4,195.5,0,-1,0,3.83,0.0,4,3,79,1,0.34,7.0
1215,32.09,-0.8,73.1,27.86,0.47,1002.1,122.7,336.5,49,54,0,3.65,4.0,10,0,82,1,0.23,8.4
1216,33.82,4.7,55.4,40.04,1.0,1003.2,36.0,210.6,79,75,0,4.18,5.8,15,3,92,0,0.08,20.7
1217,32.88,1.6,78.0,24.15,0.65,1007.0,129.2,207.0,0,-10,0,3.83,0.0,19,3,75,1,0.24,5.3
1218,35.11,5.6,57.0,42.13,0.61,1016.3,40.0,222.7,40,37,0,4.11,8.6,13,0,97,0,0.02,21.3
1219,29.5,-5.1,86.4,26.98,0.36,1016.7,229.0,425.9,2,-4,0,3.32,0.0,0,1,59,2,0.62,7.5
1220,42.57,1.5,95.0,20.99,0.09,1003.5,346.5,583.8,5,87,1,3.33,0.8,8,0,18,3,0.81,2.3
1221,34.45,2.9,65.1,38.2,0.15,1001.2,73.7,224.3,3,0,0,4.17,0.0,1,3,98,0,0.1,16.5
1222,34.53,5.8,57.4,38.44,0.16,1019.4,73.3,229.7,4,-1,0,4.16,0.0,1,2,94,0,0.07,16.7
1223,34.83,5.3,65.3,46.17,0.96,1016.7,63.0,218.7,60,63,0,4.0,7.4,12,1,90,0,0.06,26.4
1224,34.16,5.9,57.2,47.89,0.21,1021.8,53.5,240.3,6,10,0,4.0,0.0,0,2,97,0,0.03,24.7
1225,35.06,4.5,58.8,50.46,1.0,1003.4,32.2,244.3,84,86,0,4.08,3.9,12,0,99,0,0.1,30.6
1226,34.71,2.0,69.2,32.9,0.6,1007.2,98.3,194.9,1,14,0,3.71,0.0,1,2,80,1,0.34,13.1
1227,33.82,3.4,63.1,35.14,0.29,1017.2,61.9,215.3,10,7,0,4.15,0.0,5,1,94,0,0.12,14.3
1228,34.67,4.1,56.6,44.28,0.28,1003.9,72.2,242.9,10,5,0,3.85,0.0,19,2,95,0,0.01,22.0
1229,33.96,4.1,48.9,34.26,0.71,1000.9,106.7,355.8,5,19,0,3.8,0.0,0,3,79,1,0.28,14.6
1230,33.9,5.7,57.5,30.28,0.22,1008.1,59.7,221.1,8,4,0,4.04,0.0,5,2,93,0,0.02,10.1
1231,24.0,-2.1,32.5,15.35,0.13,1008.8,359.6,566.3,3,91,1,3.26,1.6,18,1,21,3,0.95,0.0
1232,34.37,2.1,75.5,36.92,0.69,1013.1,119.7,203.2,40,27,0,3.66,0.0,17,0,72,1,0.28,16.9
1233,34.77,3.6,67.5,35.9,0.2,1010.2,37.5,228.8,7,3,0,3.81,0.0,22,2,96,0,0.1,14.7
1234,33.91,5.7,64.6,35.97,1.0,1009.8,34.3,241.3,68,67,0,3.94,6.8,11,2,94,0,0.02,16.9
1235,33.82,3.6,58.2,49.64,0.85,1002.3,67.3,210.4,59,59,0,3.81,7.7,15,0,99,0,0.08,29.2
1236,34.83,3.5,69.6,35.49,0.6,1010.8,146.1,187.2,43,57,0,3.6,0.0,17,0,70,1,0.44,15.4
1237,34.02,5.2,64.1,45.6,0.2,1020.4,34.1,241.5,6,7,0,3.89,0.0,0,1,90,0,0.09,22.7
1238,34.99,6.3,61.5,30.94,0.28,1021.5,52.8,211.9,8,10,0,3.98,0.0,19,3,97,0,0.12,10.7
1239,34.66,6.3,62.0,31.73,0.18,1010.9,62.5,234.2,6,4,0,3.86,0.0,22,0,89,0,0.05,11.2
1240,34.28,5.7,65.4,44.44,0.72,1005.5,40.8,233.0,47,51,0,4.1,0.0,17,2,90,0,0.08,23.8
1241,34.29,4.7,48.3,31.45,0.69,999.5,103.1,349.8,0,12,0,3.82,0.0,19,3,72,1,0.42,12.0
1242,39.55,1.9,82.6,28.73,0.29,1001.3,239.3,532.5,18,6,0,3.53,1.8,12,0,52,2,0.48,8.9
1243,33.45,0.9,72.9,29.62,0.54,1006.9,121.1,301.6,44,45,0,3.64,1.2,12,0,83,1,0.3,10.1
1244,34.06,7.0,50.6,25.66,0.49,1012.6,123.2,301.6,0,3,0,3.58,0.0,4,0,81,1,0.21,6.5
1245,35.68,2.8,71.7,33.09,0.5,1009.1,115.4,186.9,27,30,0,3.52,4.6,10,1,74,1,0.31,13.0
1246,33.24,1.5,74.3,32.47,0.64,1012.3,146.9,308.6,55,70,0,3.58,1.5,15,2,73,1,0.34,12.8
1247,34.2,3.4,65.9,49.07,0.95,1007.1,42.7,221.6,65,62,0,3.86,6.2,11,2,93,0,0.06,29.1
1248,34.39,5.6,56.8,39.88,0.18,1017.2,54.4,211.1,2,1,0,4.14,0.0,7,3,90,0,0.05,17.9
1249,33.84,5.6,59.9,44.95,0.26,1010.6,39.0,210.2,9,7,0,3.99,0.0,2,2,94,0,0.02,22.4
1250,34.05,5.6,58.9,42.48,0.19,1017.5,39.4,230.7,6,8,0,3.9,0.0,18,0,91,0,0.09,20.1
1251,34.25,3.9,61.0,42.66,0.3,1008.3,55.8,235.7,10,15,0,4.16,0.0,22,3,94,0,0.1,20.7
1252,34.07,2.1,59.2,40.12,1.0,1014.7,57.3,219.2,82,85,1,4.06,3.8,12,0,91,0,0.03,20.8
1253,34.14,3.3,55.1,43.28,0.74,1003.1,58.9,229.7,50,45,0,3.87,8.0,15,0,97,0,0.09,22.8
1254,35.2,5.7,60.3,37.09,0.28,1018.6,41.7,216.5,10,7,0,4.16,0.0,21,1,95,0,0.11,15.9
1255,34.42,6.0,66.9,49.08,0.25,1014.5,58.0,234.8,5,8,0,3.89,0.0,20,1,97,0,0.03,25.9
1256,34.06,6.1,64.9,51.15,0.19,1014.1,37.9,219.8,4,2,0,4.02,0.0,0,0,97,0,0.03,27.3
1257,29.07,-6.2,87.9,25.68,0.4,1016.9,165.8,549.6,15,22,1,3.47,1.3,10,2,67,2,0.49,6.4
1258,32.88,-0.7,53.9,30.54,0.51,1007.6,132.1,292.8,3,2,1,3.81,0.0,7,1,71,1,0.33,10.8
1259,34.92,3.6,55.0,37.37,0.9,1013.4,55.1,211.8,64,59,0,4.1,4.2,9,3,99,0,0.04,17.9
1260,32.63,0.0,68.2,26.34,0.57,998.3,127.1,358.2,2,3,0,3.7,0.0,22,2,83,1,0.2,7.2
1261,32.92,6.1,77.8,29.76,0.47,1020.2,126.2,208.3,2,17,0,3.59,0.0,1,1,76,1,0.35,10.1
1262,36.03,5.2,52.6,29.98,0.61,1017.2,123.9,339.9,5,6,0,3.61,0.0,18,3,79,1,0.28,10.5
1263,38.53,15.3,79.4,21.31,0.29,1018.8,182.2,502.7,3,-11,0,3.51,0.0,6,1,65,2,0.72,2.6
1264,34.7,1.2,70.5,33.79,0.7,1005.2,85.3,348.5,3,11,0,3.82,0.0,3,2,79,1,0.4,14.1
1265,34.8,4.9,64.7,41.58,0.33,1005.9,61.3,212.2,10,13,0,3.97,0.0,20,1,98,0,0.08,19.9
1266,34.53,2.6,60.0,42.66,1.0,1021.2,33.5,235.6,84,83,0,4.08,0.0,17,2,96,0,0.07,23.2
1267,33.56,0.9,72.4,37.59,0.68,999.4,102.5,191.6,54,46,0,3.66,2.0,12,0,71,1,0.4,17.5
1268,34.36,5.1,55.1,45.06,0.24,1016.0,48.8,222.5,7,9,0,3.99,0.0,4,3,94,0,0.11,22.5
1269,35.19,4.5,57.2,38.5,0.61,1006.6,51.2,219.6,40,35,0,4.11,7.9,11,3,92,0,0.1,18.1
1270,34.26,5.5,57.0,46.94,0.83,1007.8,70.1,240.2,56,52,0,3.91,4.3,13,3,91,0,0.1,26.6
1271,34.89,6.3,65.9,39.96,1.0,1003.1,66.9,240.4,86,82,0,3.82,0.0,17,3,92,0,0.08,20.7
1272,33.86,3.6,64.0,30.67,0.27,1012.0,62.9,228.9,10,8,0,4.08,0.0,20,3,98,0,0.03,10.5
1273,29.94,2.8,42.4,29.9,0.39,999.0,217.6,488.2,13,14,1,3.41,2.6,13,0,54,2,0.62,10.0
1274,33.81,6.7,47.7,32.95,0.51,1021.6,118.1,197.2,3,8,0,3.51,0.0,6,2,71,1,0.28,12.9
1275,33.2,3.5,76.7,31.43,0.71,1018.3,140.7,209.1,2,16,0,3.68,0.0,0,1,70,1,0.35,12.0
1276,34.59,3.6,60.7,37.98,0.25,1021.8,50.7,220.0,8,10,0,4.05,0.0,4,0,94,0,0.02,16.6
1277,34.5,3.4,64.8,45.32,0.31,1002.0,35.8,231.2,10,11,0,4.02,0.0,21,1,98,0,0.03,23.0
1278,33.73,1.0,75.2,36.99,0.51,1003.1,134.2,322.0,50,44,0,3.66,4.5,13,0,75,1,0.3,16.5
1279,35.17,4.9,61.9,41.01,0.26,1007.9,70.2,236.8,9,12,0,3.94,0.0,20,0,93,0,0.05,19.1
1280,41.09,20.3,89.2,20.62,0.05,1017.5,368.1,577.4,9,94,1,3.06,0.9,17,0,13,3,0.95,2.0
1281,39.5,12.5,82.9,29.84,0.4,1012.2,227.1,497.3,30,39,0,3.32,3.3,13,2,55,2,0.59,10.0
1282,38.62,13.2,84.4,25.1,0.4,1004.3,192.0,504.4,2,5,0,3.42,0.0,2,0,62,2,0.59,5.9
1283,34.54,6.4,66.2,33.32,0.95,1018.4,73.2,234.0,65,61,0,3.87,8.6,16,3,97,0,0.1,14.3
1284,34.93,4.3,56.3,44.16,0.33,1009.7,71.8,232.6,10,13,0,3.84,0.0,23,0,88,0,0.09,22.1
1285,36.08,4.8,76.7,31.77,0.55,1012.6,88.1,186.6,29,32,0,3.58,2.4,12,3,83,1,0.38,12.0
1286,34.24,4.4,60.5,47.22,1.0,1015.8,44.8,227.9,66,69,0,3.87,5.4,14,0,95,0,0.06,27.6
1287,34.26,2.8,63.2,49.91,0.28,1003.3,60.7,236.9,9,14,0,4.0,0.0,5,1,98,0,0.08,26.7
1288,34.24,2.3,67.8,31.41,0.73,1017.0,54.2,213.7,44,43,0,4.05,7.4,8,2,91,0,0.09,12.0
1289,35.19,5.0,56.5,31.64,0.25,1019.0,58.3,223.8,10,14,0,4.13,0.0,1,1,95,0,0.06,11.3
1290,33.45,-0.1,47.4,35.34,0.46,1017.5,112.7,321.2,3,6,0,3.58,0.0,4,1,83,1,0.39,14.9
1291,33.99,3.3,59.2,37.81,0.23,1013.9,39.8,227.5,5,1,0,4.07,0.0,2,3,99,0,0.03,16.4
1292,35.15,6.2,65.1,42.3,0.23,1005.2,39.4,211.3,3,3,0,4.04,0.0,7,0,91,0,0.12,20.1
1293,34.29,4.7,64.6,30.53,1.0,1015.5,54.2,230.4,91,92,0,3.91,5.6,12,2,92,0,0.06,11.7
1294,34.71,6.3,67.0,39.34,1.0,1011.5,51.9,235.9,79,75,0,4.16,8.4,11,2,98,0,0.02,20.1
1295,31.15,-2.6,81.0,25.91,0.45,1001.1,208.0,517.9,0,25,1,3.45,0.0,2,2,45,2,0.6,6.7
1296,34.2,3.6,63.3,39.34,0.19,1007.2,40.9,217.0,2,-1,0,4.15,0.0,23,1,99,0,0.01,17.5
1297,34.06,5.0,59.9,39.1,0.3,1017.5,50.7,231.0,8,9,1,4.18,0.0,5,0,91,0,0.09,17.7
1298,36.02,7.1,75.0,37.84,0.65,1015.8,99.3,196.3,0,13,0,3.69,0.0,1,1,85,1,0.42,17.6
1299,38.15,1.6,81.0,21.64,0.31,1008.4,200.4,458.4,0,19,0,3.32,0.0,3,3,57,2,0.56,2.9
1300,28.21,-3.1,80.7,25.85,0.44,1001.8,235.2,473.1,7,23,0,3.49,3.6,9,1,56,2,0.65,6.6
1301,33.8,1.1,52.3,24.03,0.5,1016.8,104.4,301.6,4,-1,0,3.62,0.0,5,3,76,1,0.38,5.1
1302,25.3,-10.0,89.4,17.28,0.09,1007.0,406.6,602.6,0,68,1,3.09,0.7,8,2,35,3,0.86,0.0
1303,34.08,6.0,59.6,41.57,1.0,1005.7,35.2,234.4,77,79,0,3.88,4.2,15,2,92,0,0.09,22.2
1304,34.41,5.6,56.2,31.14,0.22,1000.0,38.7,234.4,7,10,0,3.98,0.0,7,3,92,0,0.04,10.8
1305,34.41,4.3,62.0,47.57,0.15,1008.2,37.7,213.6,2,4,0,3.82,0.0,2,0,98,0,0.08,24.2
1306,36.03,9.9,73.5,26.77,0.7,998.8,139.5,322.8,4,10,0,3.63,0.0,4,2,76,1,0.27,7.8
1307,35.14,3.9,60.6,44.86,0.25,998.7,45.1,232.6,7,2,0,3.91,0.0,5,1,92,0,0.02,22.3
1308,34.24,2.8,58.3,51.63,0.63,1004.7,63.2,229.8,41,37,0,3.88,7.6,13,3,90,0,0.03,29.9
1309,35.17,6.7,56.7,44.41,0.19,1003.0,59.9,211.7,8,5,0,4.03,0.0,1,2,89,0,0.02,21.7
1310,34.61,3.3,57.5,51.02,1.0,1007.9,58.9,222.7,73,74,0,3.89,0.0,17,2,93,0,0.08,31.2
1311,34.23,6.0,61.5,39.42,1.0,1017.4,43.4,238.1,79,81,0,3.99,5.9,9,2,99,0,0.04,20.2
1312,34.44,3.1,63.7,44.56,0.84,1000.2,58.1,240.3,55,54,0,3.87,6.1,11,1,94,0,0.04,24.4
1313,41.51,15.6,30.1,16.59,0.09,1016.8,280.0,662.2,6,50,0,3.02,1.8,22,1,15,3,0.86,0.0
1314,34.99,4.2,64.1,50.32,1.0,1020.2,37.2,240.7,89,88,0,4.05,5.4,11,1,99,0,0.07,30.5
1315,32.74,-0.9,77.1,25.45,0.58,1015.9,134.1,372.4,1,-5,0,3.66,0.0,4,2,83,1,0.36,6.4
1316,34.1,4.9,63.6,35.42,1.0,1009.3,48.5,221.5,87,88,0,3.84,0.0,17,1,90,0,0.09,16.4
1317,35.61,8.9,52.1,31.0,0.48,1003.9,90.0,366.0,5,20,0,3.68,0.0,20,1,84,1,0.25,11.2
1318,34.33,4.8,61.1,36.03,0.64,1004.6,37.5,239.1,40,36,0,4.16,8.5,15,1,90,0,0.01,16.0
1319,33.97,5.3,58.7,38.73,0.22,1018.2,65.3,230.7,6,8,0,3.85,0.0,6,0,98,0,0.07,17.1
1320,32.98,5.5,50.4,36.59,0.45,1007.9,114.9,197.6,57,62,0,3.7,3.5,9,2,73,1,0.37,16.0
1321,33.92,2.8,60.3,34.93,1.0,1011.7,74.5,210.9,83,86,0,3.81,8.8,12,2,93,0,0.02,15.9
1322,33.19,-0.5,51.6,37.61,0.51,1004.6,87.2,185.8,1,-6,0,3.65,0.0,3,3,76,1,0.32,17.0
1323,34.59,5.0,65.4,40.86,0.17,1021.4,41.9,235.5,3,4,0,3.9,0.0,3,2,89,0,0.07,18.7
1324,32.23,0.2,77.0,36.34,0.68,999.7,95.5,184.5,4,15,0,3.64,0.0,18,0,71,1,0.34,16.4
1325,34.0,5.8,67.4,42.18,0.27,1009.5,64.6,219.0,7,6,0,3.88,0.0,19,0,94,0,0.03,20.2
1326,35.11,6.3,62.7,37.13,0.15,1001.2,39.2,229.0,2,-2,0,4.14,0.0,21,0,89,0,0.1,15.6
1327,34.23,5.8,66.0,49.08,0.26,1001.2,30.7,214.7,9,14,0,4.01,0.0,22,0,92,0,0.08,25.9
1328,28.55,2.8,85.7,28.49,0.34,1016.9,237.3,505.1,18,28,0,3.56,0.0,17,3,47,2,0.53,8.8
1329,30.46,7.2,88.8,22.5,0.29,1006.1,172.2,500.9,2,-8,0,3.56,0.0,2,0,52,2,0.5,3.6
1330,34.73,6.7,67.6,47.91,1.0,1013.2,38.3,212.3,75,74,0,3.87,7.1,10,0,89,0,0.09,28.2
1331,32.31,5.5,50.3,29.47,0.53,1021.8,123.8,195.6,42,40,0,3.83,2.1,9,3,81,1,0.21,9.9
1332,34.29,4.7,63.6,49.5,0.3,1001.2,48.1,222.8,10,9,0,4.04,0.0,22,2,90,0,0.02,26.4
1333,33.84,3.8,60.0,36.47,0.2,1020.9,30.4,210.8,2,-2,0,3.84,0.0,20,2,94,0,0.03,15.2
1334,34.9,5.0,61.7,51.31,0.67,1010.9,65.0,213.6,40,35,0,4.01,3.8,13,1,89,0,0.04,29.8
1335,34.07,5.0,64.4,35.05,0.19,1005.8,35.5,240.5,4,1,0,4.01,0.0,0,3,96,0,0.04,14.0
1336,34.65,6.1,62.7,35.9,0.2,1003.9,31.4,219.6,2,5,0,3.94,0.0,4,1,99,0,0.1,14.7
1337,38.1,7.2,86.6,27.92,0.36,999.0,204.3,440.4,1,-19,1,3.51,0.0,21,0,60,2,0.66,8.3
1338,35.1,4.0,55.2,36.33,0.79,1010.3,33.3,241.3,46,50,0,3.89,3.9,14,1,90,0,0.05,16.7
1339,34.58,5.1,65.4,30.8,0.18,1016.1,43.0,240.9,4,7,0,4.01,0.0,3,2,88,0,0.08,10.4
1340,33.09,4.5,75.7,36.67,0.57,1006.0,128.4,362.4,59,67,0,3.82,5.1,15,0,70,1,0.3,16.4
1341,39.07,8.8,86.4,28.34,0.4,1017.2,214.5,459.0,23,3,0,3.49,2.9,10,2,49,2,0.58,8.7
1342,34.82,5.1,60.1,38.17,1.0,1011.4,48.9,218.4,68,67,0,3.92,5.9,13,0,91,0,0.02,19.0
1343,34.11,2.7,55.3,43.5,1.0,1002.3,42.6,226.8,65,69,0,3.91,5.2,9,0,95,0,0.1,24.0
1344,33.15,2.3,70.5,30.36,0.48,1005.9,98.8,203.0,2,-11,1,3.62,0.0,0,2,82,1,0.26,10.6
1345,34.98,6.1,62.6,47.8,1.0,1001.5,31.3,216.1,71,75,0,3.94,3.8,10,2,91,0,0.12,28.1
1346,35.1,3.5,66.0,41.56,1.0,1014.6,44.5,228.8,91,88,0,4.15,4.3,10,2,90,0,0.06,22.2
1347,33.94,3.2,58.8,36.64,0.16,1012.2,37.1,214.9,4,-1,0,4.09,0.0,19,0,93,0,0.11,15.2
1348,34.28,8.2,45.0,25.7,0.51,1001.6,99.4,315.5,22,13,0,3.52,3.7,12,3,81,1,0.43,6.6
1349,32.23,3.2,74.4,32.45,0.45,1002.4,98.8,194.7,51,38,0,3.56,3.9,13,0,73,1,0.29,12.4
1350,35.25,3.4,45.6,30.29,0.72,1021.5,133.1,340.0,20,28,0,3.55,1.0,10,3,81,1,0.4,11.0
1351,34.34,5.8,63.2,37.29,0.16,1005.1,50.9,237.4,3,2,0,4.12,0.0,4,1,99,0,0.06,15.7
1352,35.36,5.0,68.8,24.82,0.5,1017.7,114.3,376.9,47,42,0,3.81,3.1,11,1,75,1,0.23,5.8
1353,33.88,5.8,63.6,35.41,0.2,1013.1,65.9,231.9,4,1,0,4.04,0.0,20,2,95,0,0.08,14.3
1354,34.14,4.4,57.0,33.42,0.99,1019.9,60.8,214.3,62,66,0,4.04,7.5,15,3,93,0,0.08,14.4
1355,34.01,5.4,59.1,48.26,0.25,1003.8,31.0,211.0,5,7,0,4.09,0.0,2,0,99,0,0.07,25.2
1356,34.16,4.2,59.5,43.48,0.22,1011.3,59.6,227.6,8,9,0,4.17,0.0,22,0,89,0,0.09,21.1
1357,34.6,5.9,66.5,30.91,0.22,1008.3,45.3,217.4,10,7,0,4.13,0.0,21,3,93,0,0.1,10.6
1358,35.01,3.2,66.4,40.73,1.0,1006.8,69.2,222.9,91,88,0,3.93,8.8,9,1,95,0,0.11,21.4
1359,24.82,1.8,92.2,15.95,0.19,998.1,346.7,685.4,2,51,1,3.13,0.2,12,2,32,3,0.84,0.0
1360,24.3,3.8,32.7,19.25,0.2,1008.6,291.4,704.6,6,46,0,3.06,1.9,13,1,34,3,0.93,0.9
1361,33.29,5.0,69.3,24.06,0.49,1006.3,92.2,358.3,2,15,0,3.81,0.0,6,2,70,1,0.32,5.1
1362,28.46,-5.9,85.7,26.11,0.28,1002.6,165.2,423.4,12,33,0,3.47,3.4,15,3,49,2,0.73,6.7
1363,36.45,8.9,47.4,24.16,0.5,1000.7,89.2,194.6,5,4,0,3.73,0.0,20,1,83,1,0.41,5.2
1364,35.13,6.3,55.6,50.2,0.21,1016.1,70.0,233.7,6,9,0,4.09,0.0,4,1,91,0,0.11,26.6
1365,33.83,0.7,49.6,34.36,0.47,1019.0,146.0,198.2,51,59,0,3.5,2.7,13,3,79,1,0.37,14.1
1366,35.18,3.5,66.9,49.08,0.11,1007.0,42.6,235.0,2,-2,0,4.09,0.0,19,1,97,0,0.02,25.2
1367,35.06,4.1,58.8,31.32,0.34,1015.6,34.9,222.1,10,15,0,4.0,0.0,20,0,98,0,0.07,11.2
1368,32.29,3.8,70.4,26.99,0.54,1005.7,107.7,330.9,24,30,0,3.73,2.4,9,2,85,1,0.36,7.7
1369,34.67,6.6,55.2,36.2,0.87,1019.3,71.5,228.1,60,61,0,3.97,4.9,16,0,97,0,0.02,16.7
1370,34.65,6.1,64.0,32.05,0.18,1011.7,59.1,217.1,3,4,0,3.96,0.0,21,0,94,0,0.1,11.5
1371,34.61,5.8,64.3,40.48,0.9,1006.6,39.1,217.0,66,62,0,3.81,8.8,15,3,93,0,0.07,20.8
1372,34.39,4.8,60.7,51.72,0.93,1013.8,36.7,222.9,63,61,0,4.09,0.0,17,0,90,0,0.03,31.5
1373,38.17,13.8,85.5,25.48,0.4,1010.4,213.9,457.5,3,10,1,3.54,0.0,3,3,45,2,0.69,6.3
1374,29.92,2.0,84.5,26.38,0.45,1005.2,241.1,451.1,2,-14,0,3.35,0.0,6,1,61,2,0.51,7.1
1375,34.56,3.2,65.6,49.49,0.28,1020.8,72.4,210.3,9,6,0,4.09,0.0,3,1,99,0,0.03,26.3
1376,34.85,6.7,64.8,37.02,0.88,1008.6,35.4,236.6,58,55,0,3.99,5.6,15,3,97,0,0.01,17.5
1377,34.96,4.4,64.3,34.77,0.26,1021.7,42.5,216.8,6,8,0,4.08,0.0,2,1,99,0,0.06,13.9
1378,41.96,16.8,91.0,16.82,0.13,1004.9,376.5,649.9,12,81,1,3.21,1.4,3,3,39,3,0.86,0.0
1379,34.8,3.4,57.0,38.36,0.8,1011.9,72.1,239.4,48,53,0,3.97,4.6,8,0,90,0,0.09,18.5
1380,41.65,19.5,90.3,16.34,0.18,999.7,370.8,646.9,12,44,0,3.03,1.9,8,1,34,3,0.79,0.0
1381,33.84,4.9,55.4,35.76,0.24,1004.9,48.1,229.6,5,10,0,3.97,0.0,22,1,91,0,0.07,14.7
1382,35.05,5.5,62.8,32.01,1.0,1004.8,34.9,230.0,70,74,0,4.14,6.3,16,1,98,0,0.06,13.1
1383,34.09,2.5,67.3,38.03,0.28,1021.7,72.7,234.2,8,9,0,3.95,0.0,7,1,97,0,0.05,16.7
1384,33.86,3.5,55.4,42.01,0.75,1011.4,69.6,233.6,49,44,0,4.05,5.6,15,1,89,0,0.01,21.7
1385,34.0,4.5,66.4,49.34,1.0,1015.1,48.0,232.8,86,81,0,3.89,8.4,10,2,91,0,0.1,29.6
1386,33.88,2.0,64.4,42.17,0.19,1002.2,56.5,228.4,5,1,0,4.11,0.0,6,0,96,0,0.04,19.9
1387,35.13,5.3,55.8,45.02,0.24,1008.2,54.5,243.0,4,8,0,4.15,0.0,20,1,98,0,0.09,22.4
1388,34.55,5.3,63.4,44.84,0.17,1009.0,53.0,238.4,4,1,0,4.12,0.0,7,3,97,0,0.11,22.0
1389,36.06,3.2,53.2,37.71,0.63,1008.4,99.3,205.9,0,-14,0,3.74,0.0,22,2,70,1,0.39,17.5
1390,33.39,4.2,73.6,27.26,0.72,1009.7,149.2,184.2,3,7,0,3.62,0.0,6,3,73,1,0.21,8.2
1391,34.47,3.9,66.3,39.0,1.0,1019.1,35.6,228.6,91,89,0,4.14,7.2,15,0,99,0,0.01,19.8
1392,34.36,6.1,62.7,48.28,0.28,1007.5,38.3,225.1,9,12,0,4.06,0.0,20,1,94,0,0.06,25.3
1393,35.08,4.6,62.8,40.2,1.0,1009.5,70.1,228.8,78,73,0,3.92,6.4,10,1,93,0,0.02,20.9
1394,34.64,2.8,61.4,38.13,0.26,1005.0,43.3,229.2,5,8,1,3.81,0.0,4,3,99,0,0.02,16.7
1395,38.15,7.8,80.1,28.67,0.34,998.9,167.0,535.2,23,25,1,3.46,0.8,14,0,54,2,0.51,8.9
1396,32.02,-0.2,47.4,35.69,0.58,1012.2,123.6,195.7,3,5,0,3.85,0.0,20,2,70,1,0.36,15.5
1397,35.03,4.6,59.4,30.79,0.26,1001.6,30.6,232.5,8,13,0,4.17,0.0,0,0,98,0,0.05,10.6
1398,34.06,2.9,62.9,33.7,0.14,1016.9,66.9,232.2,2,3,0,3.99,0.0,5,1,90,0,0.03,12.7
1399,34.78,3.7,62.5,36.34,1.0,1005.3,46.4,226.4,90,95,0,3.99,7.8,12,3,98,0,0.02,17.2
1400,40.18,12.1,85.9,26.46,0.31,1008.3,214.3,489.0,1,4,0,3.38,0.0,21,2,53,2,0.68,7.0
1401,35.02,4.5,57.6,42.35,0.83,1018.5,63.6,219.4,52,51,0,4.15,0.0,17,3,94,0,0.08,22.3
1402,34.35,5.8,58.9,47.85,1.0,1019.2,44.1,215.4,95,100,0,3.8,6.3,15,1,91,0,0.08,28.2
1403,35.11,4.3,76.7,28.98,0.66,1010.8,132.4,200.7,54,40,0,3.61,1.3,13,1,71,1,0.45,9.7
1404,34.95,3.6,55.7,46.69,1.0,1012.2,38.9,216.0,88,92,0,3.97,8.5,12,3,90,0,0.06,27.1
1405,36.65,2.9,73.6,28.96,0.63,1000.3,86.9,313.5,42,30,0,3.72,2.5,8,2,75,1,0.29,9.6
1406,33.89,3.0,66.8,46.51,0.21,1000.4,56.8,237.0,5,3,0,3.93,0.0,6,2,99,0,0.02,23.5
1407,34.77,3.3,76.7,31.72,0.68,1010.6,111.1,326.1,2,-9,0,3.56,0.0,4,1,73,1,0.37,12.2
1408,34.58,5.3,63.8,43.9,0.7,999.9,45.7,222.0,45,44,0,4.03,8.5,15,1,91,0,0.02,23.3
1409,34.3,5.3,64.8,32.99,0.15,1000.3,39.9,225.9,2,3,0,3.96,0.0,21,2,95,0,0.03,12.2
1410,35.99,6.9,72.2,36.36,0.5,998.3,131.9,185.0,3,-4,0,3.68,0.0,4,0,84,1,0.33,15.9
1411,34.13,6.0,62.8,43.15,0.28,1005.9,49.4,210.7,5,9,0,3.99,0.0,19,0,93,0,0.02,21.0
1412,30.71,3.8,39.0,22.8,0.31,1006.3,227.7,434.0,1,-6,0,3.58,0.0,19,1,46,2,0.62,3.9
1413,32.27,2.8,76.2,26.46,0.65,1009.2,111.0,365.9,1,3,1,3.59,0.0,2,2,81,1,0.32,7.4
1414,34.26,5.4,62.7,41.47,0.21,1017.1,63.7,232.0,5,1,0,3.89,0.0,19,0,93,0,0.11,19.3
1415,34.81,2.3,74.8,37.28,0.7,1019.8,92.0,294.7,4,-8,0,3.64,0.0,1,1,80,1,0.4,17.3
1416,34.98,3.4,56.8,35.03,0.3,1016.9,57.6,236.0,10,12,0,4.03,0.0,6,1,97,0,0.04,14.2
1417,34.09,7.6,75.7,30.19,0.53,1004.6,108.3,200.5,51,36,0,3.76,5.2,14,1,76,1,0.22,10.5
1418,28.52,0.1,86.2,27.45,0.33,1016.3,212.1,498.5,0,-7,0,3.32,0.0,1,0,61,2,0.64,7.9
1419,32.23,1.9,75.8,28.87,0.62,1000.3,136.3,348.5,3,9,0,3.75,0.0,1,1,83,1,0.26,9.5
1420,38.56,7.8,87.6,20.6,0.39,1006.7,191.4,454.1,2,6,1,3.3,0.0,2,1,66,2,0.54,2.1
1421,34.57,4.3,57.6,32.67,0.3,1014.0,62.9,240.9,8,11,0,3.96,0.0,7,1,96,0,0.01,12.2
1422,42.0,0.7,92.1,15.29,0.06,1019.9,376.0,699.0,6,91,1,3.03,1.4,2,3,13,3,0.8,0.0
1423,34.18,2.7,59.7,48.43,1.0,1012.0,65.7,237.8,82,85,0,3.97,6.4,14,0,89,0,0.02,28.7
1424,33.46,1.6,71.6,35.52,0.61,1017.5,124.4,319.5,2,-1,0,3.67,0.0,2,2,84,1,0.26,15.4
1425,36.06,9.3,71.5,34.87,0.6,1011.1,91.9,202.9,3,17,0,3.63,0.0,22,3,84,1,0.32,14.8
1426,35.95,4.2,75.3,29.33,0.47,998.0,99.1,201.5,38,44,0,3.64,2.9,16,3,76,1,0.32,9.7
1427,34.44,5.6,65.1,34.08,0.19,1020.2,60.8,216.1,3,3,0,3.95,0.0,21,0,94,0,0.07,13.2
1428,34.15,5.0,59.1,49.85,1.0,1003.3,54.2,229.8,77,80,0,4.01,7.8,8,3,88,0,0.04,30.1
1429,34.12,2.4,66.0,47.15,0.2,1007.2,64.4,230.2,4,1,0,3.84,0.0,21,1,95,0,0.08,24.0
1430,33.86,3.8,58.4,32.07,0.23,998.5,47.0,242.8,4,8,0,4.0,0.0,19,1,89,0,0.04,11.6
1431,34.62,5.6,67.9,37.36,1.0,1011.8,48.0,211.9,92,94,0,4.1,0.0,17,0,98,0,0.09,18.2
1432,32.27,2.8,76.7,28.7,0.56,1009.8,91.9,307.9,46,56,0,3.53,4.1,9,3,70,1,0.37,9.3
1433,34.14,3.7,67.9,48.32,0.26,1012.6,39.0,213.3,9,9,0,4.13,0.0,20,2,94,0,0.06,25.3
1434,37.31,7.3,36.9,25.3,0.49,1008.2,245.3,519.5,0,5,0,3.33,0.0,6,3,45,2,0.54,6.2
1435,34.76,4.5,57.2,39.28,1.0,1016.1,47.5,238.1,84,82,0,3.83,6.9,15,2,92,0,0.07,20.0
1436,36.01,8.8,74.7,27.15,0.64,1018.4,124.1,191.1,2,3,0,3.79,0.0,1,2,73,1,0.26,8.0
1437,32.74,0.0,52.0,32.4,0.65,1018.8,143.0,360.9,0,11,0,3.81,0.0,23,1,78,1,0.22,12.7
1438,39.47,12.5,78.4,22.58,0.46,1003.2,229.6,475.3,2,4,0,3.47,0.0,5,0,48,2,0.57,3.8
1439,34.88,4.7,61.1,31.02,0.27,1001.3,48.0,233.2,7,11,0,3.92,0.0,1,1,97,0,0.11,10.8
1440,34.85,6.6,62.9,47.08,1.0,1002.9,37.9,213.8,70,75,0,4.09,4.0,8,0,89,0,0.05,27.4
1441,34.4,3.5,55.4,51.44,0.23,1020.7,61.2,214.2,5,4,0,3.85,0.0,19,3,90,0,0.03,27.7
1442,30.69,-5.3,86.1,28.92,0.27,1004.5,203.4,463.2,0,-14,0,3.39,0.0,3,1,62,2,0.53,9.0
1443,34.19,3.6,65.5,39.05,0.26,1021.5,63.9,210.3,6,8,0,3.84,0.0,21,0,94,0,0.09,17.5
1444,34.92,3.5,58.7,43.64,1.0,1021.8,43.9,222.3,79,82,0,3.81,5.2,13,2,92,0,0.08,24.2
1445,34.95,3.0,60.0,44.15,0.14,998.8,33.4,241.6,3,-2,0,3.9,0.0,21,0,97,0,0.09,21.3
1446,34.8,4.3,60.6,42.54,0.15,1011.0,59.9,245.0,4,1,0,3.84,0.0,5,1,89,0,0.04,20.0
1447,39.74,6.9,81.1,24.25,0.29,1010.9,223.1,440.8,0,4,0,3.38,0.0,6,0,54,2,0.53,5.1
1448,34.46,5.4,56.3,35.6,0.23,1015.5,73.1,228.4,8,12,0,4.11,0.0,7,1,90,0,0.1,14.5
1449,41.89,8.5,91.6,15.14,0.18,1019.1,300.6,738.9,0,74,0,3.32,1.0,5,3,23,3,0.9,0.0
1450,34.4,4.3,66.8,37.1,0.85,998.1,69.3,224.8,60,58,0,3.95,3.7,15,0,96,0,0.06,17.5
1451,34.57,4.2,67.3,44.19,0.27,1004.2,39.6,219.6,6,10,0,3.96,0.0,18,2,96,0,0.06,21.8
1452,34.2,1.8,50.8,35.85,0.62,1004.3,141.7,193.0,0,-13,0,3.53,0.0,0,3,76,1,0.44,15.8
1453,34.35,4.4,65.8,37.45,0.21,1005.0,48.8,235.5,2,7,0,4.16,0.0,22,3,94,0,0.09,16.0
1454,34.77,4.2,67.6,41.38,0.23,1016.8,46.6,241.1,8,12,0,4.15,0.0,18,1,88,0,0.05,19.3
1455,34.24,5.0,56.8,39.56,0.8,998.8,62.0,241.5,51,54,0,4.02,8.4,13,1,89,0,0.1,19.7
1456,35.01,4.5,66.2,46.38,0.29,1016.3,54.3,240.5,9,10,0,3.91,0.0,4,2,89,0,0.12,23.8
1457,34.86,3.5,60.3,37.11,0.22,1001.4,55.2,211.8,8,6,1,4.12,0.0,7,2,89,0,0.01,15.8
1458,32.4,6.0,50.8,36.69,0.69,1003.2,85.1,372.1,43,32,0,3.62,0.0,17,3,85,1,0.29,16.7
1459,35.12,6.7,64.7,43.84,0.84,999.7,39.7,220.6,58,56,0,4.03,7.6,10,3,91,0,0.09,23.7
1460,34.42,4.6,60.5,49.42,0.22,1008.3,51.5,239.5,2,4,0,3.91,0.0,4,1,95,0,0.11,26.0
1461,31.77,-0.6,81.4,22.65,0.37,1020.6,164.1,506.0,3,14,0,3.41,0.0,21,3,54,2,0.55,3.8
1462,34.3,2.8,57.5,51.17,1.0,998.5,63.7,237.6,92,87,0,3.98,6.6,16,2,92,0,0.04,31.3
1463,33.91,3.3,62.8,46.6,0.73,999.1,45.8,220.4,44,44,0,3.88,6.9,15,3,88,0,0.02,25.8
1464,33.79,0.9,73.1,37.76,0.67,1001.1,100.7,306.3,35,36,0,3.65,2.2,8,0,76,1,0.44,17.6
1465,42.79,21.1,25.1,14.49,0.18,1012.4,413.7,609.9,0,40,0,3.2,1.5,13,3,25,3,0.85,0.0
1466,37.3,7.1,87.8,24.02,0.27,1016.3,210.2,524.8,3,0,0,3.44,0.0,19,3,47,2,0.59,4.9
1467,33.35,7.2,73.8,36.4,0.64,1013.4,111.0,203.5,44,46,1,3.63,1.7,13,3,81,1,0.3,16.3
1468,35.37,2.1,45.0,24.24,0.53,999.6,96.7,194.9,2,14,0,3.58,0.0,2,2,75,1,0.33,5.3
1469,35.03,5.0,61.9,49.09,0.21,1002.0,46.9,220.8,6,8,0,3.83,0.0,1,2,99,0,0.06,25.7
1470,37.01,6.4,80.9,21.66,0.43,1015.9,170.3,550.2,28,51,0,3.44,1.3,14,2,47,2,0.58,3.0
1471,35.1,6.3,66.2,50.21,0.13,1019.6,51.6,213.3,3,1,0,3.8,0.0,22,3,93,0,0.05,26.2
1472,33.91,5.7,57.7,44.03,1.0,1011.9,58.0,228.5,74,74,0,4.03,5.4,13,2,97,0,0.08,24.5
1473,38.94,11.9,82.0,24.61,0.44,1016.3,211.9,544.2,8,12,1,3.46,3.8,9,0,52,2,0.51,5.6
1474,34.8,5.6,55.5,48.02,0.29,1001.8,32.5,216.9,10,6,0,3.85,0.0,18,0,90,0,0.08,25.2
1475,34.84,5.6,58.1,31.39,0.15,1007.6,64.3,211.8,3,0,0,3.87,0.0,22,2,89,0,0.02,10.8
1476,35.04,6.6,59.6,34.92,0.16,1015.1,38.8,211.9,3,3,0,3.91,0.0,6,1,96,0,0.06,13.8
1477,34.57,2.7,63.6,46.48,0.22,1012.3,44.1,226.0,8,6,0,3.92,0.0,1,3,99,0,0.1,23.6
1478,34.66,3.0,66.8,45.06,0.29,1016.0,42.0,215.3,8,7,0,4.11,0.0,3,1,89,0,0.01,22.7
1479,32.45,5.3,75.5,33.3,0.49,1000.0,139.6,195.8,1,-9,0,3.64,0.0,20,3,74,1,0.24,13.2
1480,25.9,0.8,92.9,18.42,0.13,1013.9,386.9,769.6,0,54,0,3.25,1.5,15,2,30,3,0.78,0.2
1481,34.86,4.4,62.2,30.67,0.23,1015.6,50.5,234.6,4,1,0,4.15,0.0,20,2,93,0,0.04,10.4
1482,35.11,3.3,56.9,37.29,0.81,1007.6,45.7,220.3,51,46,0,4.11,3.6,8,1,98,0,0.11,17.6
1483,33.84,5.6,65.3,48.64,1.0,1011.9,67.4,219.2,66,66,0,4.16,5.7,12,0,93,0,0.12,28.9
1484,36.67,4.9,71.3,29.45,0.62,1007.1,110.5,186.1,26,39,0,3.78,2.1,8,0,84,1,0.34,10.0
1485,34.35,4.5,67.5,30.51,0.73,1012.1,48.8,214.5,48,52,0,4.08,4.6,13,1,92,0,0.05,11.2
1486,30.31,-0.8,83.6,25.87,0.5,1005.4,180.7,437.0,2,15,0,3.37,0.0,21,3,67,2,0.53,6.7
1487,34.93,4.3,64.5,42.34,0.25,1017.7,73.1,218.2,9,6,0,4.16,0.0,18,0,91,0,0.05,20.2
1488,34.82,6.2,61.4,38.89,1.0,1019.4,66.4,219.0,72,75,0,3.96,7.9,10,1,98,0,0.05,19.7
1489,31.62,-1.3,43.1,22.45,0.3,1018.0,236.0,435.5,11,0,0,3.45,1.7,11,1,54,2,0.62,3.6
1490,34.41,7.8,48.6,27.93,0.54,1009.5,106.1,194.4,37,45,0,3.62,1.4,15,3,76,1,0.29,8.6
1491,34.02,2.5,61.5,51.24,1.0,1020.3,58.0,219.6,85,87,0,4.07,5.1,11,2,98,0,0.07,31.4
1492,33.97,4.3,64.7,35.66,1.0,1019.3,35.3,231.6,71,72,0,3.94,5.3,13,3,98,0,0.09,16.6
1493,34.64,3.5,58.1,51.02,0.19,1018.1,62.5,242.0,2,6,0,3.87,0.0,19,3,94,0,0.1,27.2
1494,34.71,5.2,57.0,46.71,0.3,1011.3,71.5,215.1,10,9,0,4.09,0.0,2,2,95,0,0.08,24.1
1495,34.77,3.3,67.4,30.18,0.14,1008.5,66.2,240.6,2,1,0,4.01,0.0,18,2,93,0,0.02,9.8
1496,34.53,4.6,75.5,24.22,0.52,1004.4,91.8,306.1,3,16,0,3.64,0.0,7,2,83,1,0.35,5.3
1497,32.66,3.4,74.3,32.03,0.48,1015.7,133.7,349.7,2,6,0,3.75,0.0,23,3,81,1,0.41,12.1
1498,28.17,4.8,42.9,22.46,0.25,1001.8,254.9,555.8,1,16,0,3.4,0.0,21,1,49,2,0.57,3.6
1499,35.12,6.8,59.8,30.06,0.24,1016.8,51.5,227.9,6,7,0,3.81,0.0,5,3,93,0,0.06,9.9
1500,32.31,1.3,71.7,28.3,0.66,1002.3,95.0,188.3,0,10,0,3.74,0.0,18,0,78,1,0.31,9.1
1501,34.7,3.8,63.6,38.34,0.23,1004.3,51.4,225.4,8,8,0,3.98,0.0,21,1,92,0,0.05,16.8
1502,33.47,3.6,48.9,31.89,0.71,1020.7,115.6,313.6,3,13,0,3.79,0.0,22,1,71,1,0.27,12.4
1503,33.96,2.9,57.7,31.05,0.17,1012.7,56.7,226.3,2,7,0,3.9,0.0,22,1,91,0,0.06,10.6
1504,35.93,7.4,51.2,31.01,0.56,1007.4,116.4,374.3,49,64,1,3.62,4.2,8,1,85,1,0.38,11.3
1505,34.67,3.7,59.1,37.69,0.89,1005.2,40.7,215.1,63,63,0,4.08,7.8,10,2,95,0,0.1,18.2
1506,24.45,-5.4,94.3,19.44,0.12,1005.2,406.5,727.9,4,45,1,3.26,1.3,15,2,21,3,0.97,1.0
1507,34.93,5.5,68.0,44.73,0.86,1005.7,50.0,235.1,56,58,0,4.11,4.9,14,0,96,0,0.04,24.6
1508,34.1,6.0,67.2,40.15,0.62,1018.3,46.8,236.8,42,38,0,3.84,3.9,10,0,98,0,0.05,19.6
1509,36.51,9.6,75.9,26.49,0.59,1017.2,102.5,334.3,5,9,0,3.53,0.0,3,3,74,1,0.43,7.4
1510,35.7,9.3,48.8,38.0,0.55,999.4,111.1,379.8,3,3,0,3.62,0.0,18,1,83,1,0.33,17.5
1511,34.1,5.4,65.1,46.57,0.22,1013.2,73.5,218.1,7,3,0,3.87,0.0,4,1,92,0,0.08,23.6
1512,34.99,4.2,67.0,46.91,0.3,1018.5,44.1,234.9,8,10,0,3.9,0.0,19,1,91,0,0.12,24.3
1513,36.39,8.5,47.1,26.15,0.67,1015.5,108.7,205.3,4,15,0,3.84,0.0,21,0,83,1,0.29,7.2
1514,35.84,4.8,73.1,35.34,0.63,1002.0,134.6,373.9,0,-13,0,3.78,0.0,18,2,78,1,0.24,15.3
1515,33.95,3.5,61.4,47.82,0.24,1004.5,58.9,229.9,4,4,0,4.09,0.0,5,3,92,0,0.05,24.8
1516,34.76,3.1,59.1,47.54,1.0,1002.5,42.9,212.7,73,69,0,4.09,7.3,11,1,94,0,0.02,27.9
1517,34.09,2.7,65.7,48.43,0.25,1020.5,59.0,213.5,5,7,0,4.1,0.0,0,2,92,0,0.07,25.3
1518,32.8,-0.2,47.3,25.36,0.5,1007.5,118.9,312.4,23,36,0,3.57,2.9,8,3,85,1,0.25,6.3
1519,30.29,-5.1,41.0,27.75,0.34,1013.3,208.3,435.2,22,17,0,3.41,2.2,9,3,67,2,0.66,8.1
1520,33.86,5.3,62.1,36.6,0.21,1018.3,68.0,223.8,2,7,0,3.88,0.0,5,0,98,0,0.03,15.3
1521,33.23,-0.5,71.0,33.59,0.51,1015.3,123.3,283.7,5,18,0,3.64,0.0,20,2,71,1,0.43,13.5
1522,33.98,2.0,65.6,45.02,1.0,1001.4,74.9,234.7,78,80,0,4.13,6.6,15,0,94,0,0.02,25.5
1523,23.05,-13.2,33.3,19.47,0.11,1016.2,280.0,607.3,6,47,1,3.28,0.3,12,3,30,3,0.8,1.0
1524,34.19,2.8,55.1,47.0,0.8,1013.3,68.9,242.5,54,52,0,3.99,0.0,17,3,98,0,0.04,26.5
1525,34.14,3.2,65.4,38.3,0.2,1005.3,68.3,226.8,7,6,0,3.93,0.0,0,3,90,0,0.01,16.7
1526,28.35,-7.4,83.6,23.39,0.44,1014.8,223.5,518.9,0,-6,0,3.33,0.0,2,1,47,2,0.73,4.5
1527,34.5,3.3,66.8,50.02,0.21,1016.3,70.2,220.6,4,3,1,3.84,0.0,6,0,96,0,0.05,26.5
1528,34.43,5.1,62.3,40.23,0.28,1020.9,35.2,229.5,8,10,0,3.8,0.0,20,2,92,0,0.04,18.5
1529,35.21,2.0,68.8,27.7,0.66,1004.3,134.6,181.3,1,-9,0,3.75,0.0,22,3,85,1,0.31,8.5
1530,33.45,6.2,73.3,35.23,0.68,999.2,87.8,367.3,48,56,0,3.85,2.9,10,0,79,1,0.41,15.4
1531,38.05,13.6,87.2,23.07,0.36,1011.6,170.5,427.2,3,8,0,3.52,0.0,19,2,59,2,0.59,4.2
1532,34.76,3.8,57.7,46.68,1.0,998.3,52.8,219.4,83,78,0,3.9,7.3,14,1,93,0,0.07,27.1
1533,35.5,6.0,76.7,37.04,0.66,1007.0,127.2,182.0,53,42,0,3.72,5.3,13,3,84,1,0.42,16.9
1534,35.05,6.5,60.3,31.53,0.24,1011.3,46.9,227.4,4,6,0,3.97,0.0,1,1,93,0,0.04,11.1
1535,34.91,4.5,60.3,34.44,0.74,1003.5,73.5,232.9,50,49,0,4.1,3.8,13,1,97,0,0.03,14.8
1536,34.36,5.6,64.2,51.67,0.95,1008.5,31.2,239.7,64,68,0,4.15,5.7,8,3,90,0,0.05,31.5
1537,34.87,6.9,73.1,37.16,0.52,1000.8,100.8,181.5,44,56,0,3.69,2.4,12,2,80,1,0.32,16.6
1538,34.31,3.1,67.5,35.45,0.17,1009.5,70.7,228.5,2,2,0,3.92,0.0,18,0,93,0,0.02,14.2
1539,33.84,2.2,57.3,32.69,0.77,1011.4,40.3,230.7,48,45,0,3.81,8.4,13,3,99,0,0.08,13.3
1540,42.15,13.1,29.2,15.42,0.19,1011.8,348.7,661.3,8,93,1,3.28,1.6,13,1,37,3,0.89,0.0
1541,38.08,5.1,78.1,20.04,0.33,1001.6,179.5,445.6,0,10,0,3.35,0.0,3,3,55,2,0.61,1.6
1542,35.51,2.6,45.0,29.58,0.59,1004.5,132.0,309.8,2,-11,0,3.73,0.0,0,1,71,1,0.37,10.1
1543,30.96,4.3,38.2,22.76,0.46,1011.0,200.6,515.3,19,15,1,3.52,0.7,13,1,55,2,0.62,4.0
1544,35.15,5.8,61.6,38.75,0.28,1021.5,52.2,241.6,10,8,1,3.82,0.0,6,1,92,0,0.02,17.3
1545,34.48,4.1,58.5,43.95,0.16,1018.3,59.9,222.0,3,7,0,4.07,0.0,4,1,95,0,0.07,21.2
1546,33.98,2.7,56.0,42.09,1.0,1011.8,35.9,214.2,75,72,0,3.89,4.3,15,1,88,0,0.07,22.7
1547,34.51,5.4,62.7,47.83,0.2,1002.0,34.6,228.7,7,7,0,4.1,0.0,6,3,89,0,0.08,24.6
1548,35.11,5.7,58.9,36.58,0.24,999.9,68.7,244.8,6,3,0,4.02,0.0,0,3,90,0,0.03,15.4
1549,32.85,4.5,53.6,36.94,0.57,1013.2,147.9,201.8,35,44,0,3.67,0.0,17,1,78,1,0.42,16.6
1550,38.62,6.2,84.6,29.04,0.44,1018.0,246.7,470.7,0,1,0,3.37,0.0,6,2,66,2,0.62,9.4
1551,33.09,1.5,50.8,24.71,0.46,1009.6,126.6,327.1,3,18,1,3.6,0.0,19,0,83,1,0.35,5.7
1552,35.03,4.6,60.3,32.77,1.0,1000.0,61.3,243.9,93,90,0,3.81,5.8,15,3,88,0,0.08,13.8
1553,37.52,1.4,88.4,23.11,0.27,1013.2,171.4,484.4,10,15,0,3.56,2.0,8,0,45,2,0.74,4.1
1554,34.65,3.6,57.9,39.86,1.0,1012.8,74.1,231.4,87,86,0,4.0,4.8,16,2,98,0,0.1,20.6
1555,29.91,2.7,43.8,24.31,0.48,999.0,184.9,503.3,1,-9,0,3.44,0.0,21,3,57,2,0.69,5.3
1556,32.08,3.6,77.7,35.77,0.53,1013.8,88.6,325.3,0,12,0,3.68,0.0,6,1,80,1,0.26,15.5
1557,34.15,4.9,60.2,39.74,0.17,1003.5,52.2,215.0,2,3,0,4.16,0.0,1,2,91,0,0.03,17.8
1558,34.19,5.8,66.1,33.84,0.2,1003.3,63.3,233.5,4,4,0,3.93,0.0,18,3,96,0,0.03,13.0
1559,34.28,6.2,63.2,39.31,0.15,1011.7,67.7,217.3,4,2,0,3.91,0.0,0,3,92,0,0.06,17.4
1560,34.2,3.9,70.3,35.5,0.54,1010.0,87.9,192.0,28,20,0,3.67,1.4,11,1,80,1,0.44,15.2
1561,35.35,8.2,69.5,28.28,0.47,1003.6,127.1,189.0,2,-1,0,3.63,0.0,18,2,72,1,0.29,8.8
1562,32.36,1.5,70.5,34.02,0.51,1019.0,148.5,190.4,0,-4,0,3.71,0.0,1,3,72,1,0.26,13.9
1563,36.12,9.1,73.0,37.42,0.62,1007.9,92.9,193.0,1,-9,0,3.6,0.0,3,2,83,1,0.26,17.2
1564,37.83,5.1,87.6,20.42,0.29,1008.1,160.1,481.0,0,0,0,3.47,0.0,2,2,56,2,0.58,1.9
1565,30.74,-3.0,82.6,20.38,0.26,1012.4,251.3,490.7,28,45,0,3.53,2.0,14,3,46,2,0.51,1.8
1566,34.09,5.7,58.7,50.64,0.75,1017.6,73.8,223.7,47,48,0,4.17,6.1,15,0,93,0,0.07,29.6
1567,24.1,4.1,92.7,16.66,0.08,1013.3,320.1,642.1,8,50,1,3.17,0.3,11,3,38,3,0.88,0.0
1568,36.53,4.4,69.5,31.22,0.65,1012.5,97.6,322.0,21,20,0,3.51,0.0,17,0,71,1,0.33,11.7
1569,34.16,4.4,67.7,35.72,0.99,999.6,57.3,217.2,69,65,0,4.16,5.6,16,2,94,0,0.07,16.6
1570,36.29,8.6,71.0,29.63,0.72,1020.4,113.0,340.8,43,54,0,3.76,0.0,17,2,84,1,0.33,10.4
1571,34.54,5.0,67.5,46.95,0.22,1014.5,49.3,236.5,5,3,0,3.89,0.0,0,0,89,0,0.08,23.9
1572,34.03,4.7,60.4,30.28,1.0,998.6,46.7,229.2,83,80,0,3.82,8.7,15,0,92,0,0.12,11.5
1573,35.19,6.0,61.6,42.5,0.26,1000.3,63.5,211.3,10,8,0,3.89,0.0,1,2,90,0,0.07,20.4
1574,34.91,3.0,58.7,30.66,0.1,1009.8,53.7,237.0,2,-3,0,3.86,0.0,6,0,91,0,0.04,10.2
1575,35.19,4.8,62.4,46.6,0.2,1007.1,59.0,221.0,6,7,0,4.06,0.0,22,2,96,0,0.05,23.6
1576,34.89,3.5,63.2,32.85,0.22,1021.4,32.5,215.8,5,0,0,3.94,0.0,4,2,95,0,0.09,12.2
1577,34.72,5.0,61.7,48.72,0.17,1008.4,63.1,238.9,3,6,0,4.14,0.0,3,1,89,0,0.01,25.2
1578,28.51,1.3,81.2,25.57,0.45,1011.2,187.5,508.9,0,17,0,3.4,0.0,22,0,64,2,0.61,6.4
1579,33.82,4.6,57.1,41.81,0.79,999.0,74.0,234.3,49,48,0,3.83,8.3,9,2,89,0,0.04,21.7
1580,28.61,-8.3,84.9,27.62,0.42,1016.9,241.2,548.8,0,18,0,3.41,0.0,2,0,59,2,0.49,8.1
1581,39.81,16.8,86.1,25.99,0.47,999.1,244.7,473.0,26,49,0,3.42,2.4,16,0,54,2,0.69,6.8
1582,34.08,4.8,55.9,43.94,1.0,1000.8,34.7,243.0,94,97,0,3.93,4.0,8,0,90,0,0.09,24.5
1583,34.43,4.3,61.5,47.75,0.23,999.7,48.6,230.0,6,1,0,3.91,0.0,18,0,95,0,0.1,24.7
1584,34.93,5.8,64.9,40.07,0.2,1003.3,47.5,221.0,4,1,0,3.9,0.0,6,0,99,0,0.02,18.2
1585,34.68,3.4,63.0,35.43,1.0,1007.7,73.6,225.7,78,76,0,4.08,9.0,14,2,90,0,0.04,16.4
1586,34.34,3.6,57.9,50.69,0.93,998.9,49.2,238.3,62,60,0,3.93,8.6,9,0,89,0,0.05,30.5
1587,33.42,1.2,46.5,27.93,0.53,1013.3,99.7,373.1,0,-14,0,3.66,0.0,0,3,82,1,0.28,8.6
1588,34.52,2.7,61.1,30.56,1.0,1016.4,70.4,218.6,91,87,0,4.1,3.5,16,2,95,0,0.02,11.7
1589,35.07,3.8,62.7,41.61,0.15,1021.8,66.4,238.6,2,4,0,3.97,0.0,7,3,94,0,0.07,19.3
1590,33.93,3.6,58.7,48.68,0.92,1007.8,33.9,244.0,62,62,0,3.89,7.2,8,0,98,0,0.07,28.6
1591,34.03,3.5,62.4,45.99,0.15,1017.1,34.9,237.2,2,0,0,4.13,0.0,22,2,92,0,0.09,22.9
1592,34.37,3.3,59.5,48.29,0.27,1014.7,62.4,235.1,9,14,0,3.88,0.0,18,1,92,0,0.07,25.3
1593,34.8,3.3,57.0,48.61,0.26,1013.8,71.3,237.7,10,10,0,4.05,0.0,4,2,90,0,0.1,25.5
1594,33.25,0.2,77.3,32.53,0.57,1017.8,100.7,203.7,50,64,1,3.5,2.8,12,3,85,1,0.36,12.7
1595,34.8,4.7,60.1,42.26,1.0,1012.3,45.3,223.8,91,95,0,4.09,5.7,14,1,97,0,0.05,22.9
1596,42.07,1.1,91.9,15.75,0.07,1012.0,397.0,603.1,11,60,0,3.34,1.4,0,0,24,3,0.98,0.0
1597,34.65,3.9,66.1,51.67,0.16,1016.0,32.5,210.8,4,5,0,4.1,0.0,4,2,89,0,0.1,27.6
1598,34.38,3.4,66.0,43.79,0.21,1010.3,50.7,229.7,6,10,0,4.13,0.0,2,2,98,0,0.01,21.3
1599,34.22,4.1,67.6,40.52,0.25,1009.9,67.4,231.9,10,11,0,3.83,0.0,20,1,92,0,0.04,18.7
1600,33.98,1.4,48.3,34.81,0.59,1000.9,105.6,340.6,28,15,0,3.55,3.1,14,1,82,1,0.39,14.8
1601,35.01,5.5,52.5,32.51,0.56,998.4,95.1,356.5,60,58,0,3.82,4.0,12,0,84,1,0.22,12.7
1602,34.61,3.0,55.9,33.08,0.24,1002.2,55.7,218.0,4,4,0,4.14,0.0,7,1,95,0,0.1,12.4
1603,34.16,5.1,66.0,36.89,0.22,1021.1,55.5,239.6,4,1,0,3.9,0.0,19,1,96,0,0.04,15.6
1604,35.5,5.7,69.1,24.65,0.52,1018.2,148.2,310.9,1,-7,0,3.68,0.0,23,3,85,1,0.28,5.7
1605,34.72,6.1,64.0,47.16,1.0,1015.1,64.7,241.8,84,81,0,3.82,8.6,10,2,99,0,0.07,27.5
1606,22.7,-10.9,93.8,15.33,0.14,1011.6,329.5,716.7,3,48,1,3.28,0.4,8,3,33,3,0.84,0.0
1607,35.46,8.9,52.2,34.69,0.47,1009.5,97.7,209.3,57,52,0,3.79,2.3,15,3,72,1,0.31,14.4
1608,23.31,-14.2,26.3,14.73,0.08,1011.0,323.3,770.3,7,85,0,3.1,1.7,6,3,12,3,0.82,0.0
1609,27.69,-7.3,30.2,17.58,0.09,1010.5,294.9,608.1,10,47,0,3.3,1.6,11,3,27,3,0.79,0.0
1610,34.42,4.2,64.3,37.68,0.21,1001.3,74.2,236.7,6,9,0,3.8,0.0,6,0,88,0,0.08,16.2
1611,30.73,8.4,84.7,23.26,0.29,1006.7,203.0,544.3,25,30,0,3.4,1.7,15,2,45,2,0.66,4.3
1612,34.67,6.2,64.0,49.3,0.18,1003.8,64.6,234.9,4,5,0,3.88,0.0,2,0,95,0,0.01,25.7
1613,34.54,1.7,77.0,26.76,0.57,1011.4,128.5,206.3,5,-2,0,3.7,0.0,1,1,74,1,0.45,7.6
1614,37.77,14.8,87.9,23.06,0.31,998.5,202.6,474.0,3,26,0,3.38,0.0,19,0,53,2,0.56,4.1
1615,34.61,2.8,55.1,30.6,0.24,1017.9,60.9,220.1,7,10,0,3.99,0.0,3,3,97,0,0.04,10.4
1616,34.21,2.9,56.5,42.61,0.3,1015.0,30.3,238.6,8,12,0,4.07,0.0,5,0,93,0,0.03,20.6
1617,35.34,5.3,75.9,37.78,0.62,1007.7,120.9,330.3,55,46,0,3.58,5.6,11,1,79,1,0.39,17.5
1618,33.87,4.3,56.4,37.03,0.79,1003.3,35.2,221.5,50,50,0,3.98,7.4,10,1,90,0,0.07,17.3
1619,33.83,2.6,58.1,49.6,1.0,1018.4,41.5,243.7,91,94,0,4.03,4.1,14,2,89,0,0.07,29.8
1620,35.19,5.4,57.9,44.54,1.0,1008.7,73.1,221.5,84,83,0,3.82,7.6,9,1,94,0,0.05,25.0
1621,34.06,5.7,60.8,46.69,0.17,1021.9,56.7,229.2,2,1,0,3.97,0.0,19,0,98,0,0.04,23.5
1622,27.47,-3.8,94.1,14.81,0.08,1004.5,401.7,701.6,2,53,1,3.18,1.6,0,2,41,3,0.79,0.0
1623,34.51,3.2,62.5,45.11,0.84,1012.5,53.2,231.6,54,49,0,4.14,7.6,13,0,99,0,0.09,24.9
1624,35.0,4.0,62.7,50.57,0.28,1019.2,51.0,232.2,7,8,0,3.88,0.0,20,3,95,0,0.07,27.3
1625,29.46,6.7,88.4,27.73,0.31,1019.8,246.1,491.7,0,14,1,3.47,0.0,21,2,52,2,0.59,8.1
1626,34.26,1.3,70.8,35.53,0.66,1005.4,122.9,203.5,5,10,0,3.74,0.0,18,0,78,1,0.36,15.6
1627,34.61,5.0,65.8,44.39,0.21,1020.5,63.5,214.7,7,6,0,3.93,0.0,3,0,99,0,0.07,21.8
1628,34.61,2.7,67.0,44.01,0.3,1006.7,39.4,231.4,7,12,0,3.98,0.0,23,2,97,0,0.08,21.8
1629,34.11,2.7,63.7,31.58,1.0,1014.6,44.8,233.3,91,94,0,4.11,9.0,10,3,95,0,0.08,12.7
1630,32.47,3.4,49.2,26.71,0.63,1001.8,147.2,372.1,5,17,0,3.5,0.0,1,3,76,1,0.33,7.6
1631,34.41,1.0,70.4,31.76,0.63,1014.4,97.3,198.1,1,16,1,3.57,0.0,6,1,74,1,0.22,12.1
1632,34.44,4.5,59.1,43.71,0.7,999.8,60.2,221.6,47,46,0,3.82,4.3,12,2,92,0,0.02,23.1
1633,39.49,8.5,81.8,20.41,0.28,1017.2,205.1,558.4,9,-9,0,3.36,3.9,13,2,56,2,0.55,1.9
1634,32.52,1.3,77.3,29.86,0.46,1013.2,123.8,184.4,20,31,0,3.54,1.8,12,0,77,1,0.42,10.1
1635,34.39,5.1,64.0,38.13,0.88,998.2,41.2,210.2,56,56,0,3.93,4.2,11,3,99,0,0.05,18.6
1636,34.91,5.7,53.3,34.12,0.47,1007.0,99.1,194.6,32,35,0,3.64,1.1,15,3,77,1,0.24,13.9
1637,27.57,-12.6,95.6,20.64,0.17,998.6,297.6,564.3,7,77,1,3.16,1.2,21,1,42,3,0.87,2.0
1638,40.93,16.6,92.7,17.05,0.13,1003.7,301.3,621.1,0,88,1,3.04,0.4,23,0,32,3,0.79,0.0
1639,34.69,6.0,65.9,43.41,0.24,1008.0,63.3,215.5,8,13,0,3.89,0.0,21,1,90,0,0.06,21.1
1640,39.28,2.4,81.1,25.6,0.37,999.5,205.4,427.6,2,21,0,3.57,0.0,1,1,62,2,0.69,6.3
1641,34.72,5.2,65.8,39.27,0.18,1011.9,63.6,210.9,3,0,0,3.91,0.0,6,1,94,0,0.06,17.4
1642,33.82,4.0,62.4,39.68,0.26,1008.9,66.8,238.8,8,7,0,4.11,0.0,4,2,93,0,0.05,18.0
1643,34.57,3.0,62.0,36.0,1.0,1010.3,30.6,210.1,84,88,0,4.09,3.8,14,2,90,0,0.06,16.9
1644,23.84,-0.5,88.5,18.81,0.06,1009.8,359.8,667.9,2,81,0,3.13,0.2,19,3,22,3,0.79,0.5
1645,34.34,2.9,64.3,45.18,0.23,1013.3,54.4,210.4,5,1,0,3.92,0.0,20,3,97,0,0.06,22.5
1646,34.07,2.9,56.6,42.25,0.19,1000.0,37.8,236.7,6,3,0,4.06,0.0,4,3,94,0,0.04,19.9
1647,23.57,-10.7,91.5,19.46,0.17,1015.4,409.6,577.3,0,95,0,3.31,0.7,19,0,26,3,0.79,1.0
1648,28.9,5.4,84.0,26.99,0.41,1020.2,197.3,482.0,3,11,0,3.32,0.0,1,3,47,2,0.49,7.6
1649,34.46,3.4,65.6,30.26,0.11,1013.0,52.3,235.8,2,-1,0,3.91,0.0,18,0,98,0,0.06,9.8
1650,33.82,3.2,63.8,47.39,0.26,1018.8,57.9,241.0,7,11,0,4.06,0.0,22,1,93,0,0.08,24.5
1651,34.85,5.8,60.9,33.33,0.79,1007.7,43.9,239.1,50,50,0,4.09,4.9,13,2,88,0,0.08,13.9
1652,33.01,0.6,77.4,30.42,0.66,1007.5,136.1,182.8,1,-7,0,3.58,0.0,3,2,83,1,0.31,11.0
1653,33.96,2.8,63.8,37.56,0.3,1010.5,47.0,242.1,10,10,0,3.97,0.0,18,3,88,0,0.08,16.4
1654,33.91,4.6,58.5,41.07,0.18,1011.6,57.6,228.0,5,5,0,4.06,0.0,19,3,92,0,0.06,18.9
1655,34.16,2.8,64.9,49.83,0.12,1021.1,44.3,244.1,3,-1,0,4.15,0.0,18,3,99,0,0.07,25.9
1656,36.31,5.1,51.0,29.0,0.61,1014.6,132.2,204.6,24,16,1,3.73,1.3,8,3,76,1,0.36,9.6
1657,28.62,-1.7,82.6,29.32,0.25,1019.2,175.5,506.3,20,42,0,3.39,0.0,17,0,63,2,0.7,9.3
1658,32.68,0.9,75.6,30.26,0.55,1020.1,103.3,187.7,54,47,0,3.7,5.7,15,0,85,1,0.44,10.6
1659,40.7,7.1,91.7,16.41,0.07,1010.1,344.9,673.1,12,64,0,3.06,0.9,21,3,25,3,0.97,0.0
1660,34.56,2.9,61.0,35.68,0.25,1020.2,51.2,220.3,7,10,0,3.83,0.0,20,3,89,0,0.04,14.6
1661,35.05,4.9,55.0,37.32,0.26,998.7,44.8,231.1,4,6,0,4.02,0.0,4,1,91,0,0.04,16.0
1662,39.76,15.7,80.7,29.21,0.27,1020.1,231.9,513.7,3,-10,0,3.47,0.0,4,2,67,2,0.59,9.3
1663,34.39,6.2,63.0,38.33,0.15,1018.1,53.3,240.3,5,1,0,4.04,0.0,1,3,91,0,0.04,16.6
1664,39.5,15.4,35.6,24.57,0.47,999.8,201.4,510.8,2,1,0,3.56,0.0,21,1,48,2,0.7,5.5
1665,34.99,4.9,62.2,39.16,0.68,1007.0,52.0,236.5,43,44,0,3.93,0.0,17,0,93,0,0.1,18.9
1666,34.97,5.5,56.0,44.97,1.0,1012.0,71.9,215.8,94,97,0,4.16,8.5,11,3,96,0,0.07,25.4
1667,35.09,6.8,62.9,51.86,1.0,1003.3,64.3,216.1,72,69,0,3.97,3.7,10,2,91,0,0.03,32.0
1668,40.03,3.1,86.7,22.08,0.36,1016.0,235.5,443.5,1,-18,0,3.43,0.0,21,1,59,2,0.56,3.3
1669,35.12,5.3,64.1,40.18,0.77,1003.4,65.0,216.5,49,52,1,3.89,0.0,17,3,95,0,0.01,20.1
1670,40.52,11.1,92.3,19.69,0.18,1002.6,393.6,611.2,10,74,0,3.22,0.7,8,3,40,3,0.83,1.2
1671,38.59,4.7,86.4,23.56,0.4,1014.1,165.6,466.3,2,15,1,3.58,0.0,20,1,52,2,0.69,4.6
1672,34.94,4.8,65.5,30.92,0.22,1015.4,71.5,210.8,4,3,0,3.93,0.0,4,1,94,0,0.04,10.6
1673,42.73,11.1,30.8,16.52,0.15,1018.2,314.0,573.9,7,38,0,3.3,0.8,22,1,19,3,0.91,0.0
1674,33.43,4.6,49.6,27.2,0.5,1009.2,145.3,347.1,51,59,0,3.8,5.8,10,3,80,1,0.24,7.9
1675,34.72,4.7,60.5,42.82,0.23,998.6,37.3,233.7,6,6,0,4.16,0.0,22,3,88,0,0.06,20.5
1676,33.92,5.3,67.3,41.26,0.88,1003.4,32.1,240.1,55,59,0,4.16,0.0,17,2,94,0,0.06,21.5
1677,33.87,4.6,66.6,44.82,0.74,1009.0,54.7,244.9,42,45,0,3.88,6.0,11,3,91,0,0.1,24.3
1678,34.52,5.1,61.0,39.49,0.27,1009.9,74.9,242.4,7,11,0,4.15,0.0,4,3,92,0,0.08,17.9
1679,33.78,0.6,76.9,31.88,0.62,1011.4,106.1,200.6,3,-8,0,3.61,0.0,18,2,79,1,0.29,12.2
1680,40.83,16.7,33.1,15.15,0.18,1005.2,291.5,764.6,7,94,1,3.11,1.7,19,2,34,3,0.9,0.0
1681,34.21,3.1,56.9,32.98,1.0,1001.4,66.2,211.4,91,96,0,4.14,6.0,11,3,99,0,0.01,14.0
1682,31.43,-0.9,88.3,20.1,0.43,1017.1,238.6,523.3,2,0,0,3.6,0.0,1,1,54,2,0.6,1.6
1683,34.92,4.5,56.2,40.52,0.18,1004.1,54.8,211.4,4,4,0,4.07,0.0,0,2,95,0,0.04,18.5
1684,29.63,1.7,87.9,28.0,0.44,999.6,168.7,555.3,0,-7,0,3.37,0.0,4,1,67,2,0.7,8.5
1685,36.28,6.3,72.2,25.63,0.46,1021.9,97.1,361.9,0,9,0,3.53,0.0,6,3,76,1,0.37,6.5
1686,35.0,6.4,62.3,41.99,0.2,1000.8,37.3,228.4,2,5,0,3.94,0.0,1,0,93,0,0.06,19.7
1687,36.17,6.3,69.5,35.43,0.51,1021.8,128.6,319.3,4,12,0,3.55,0.0,18,0,82,1,0.39,15.1
1688,31.43,9.0,84.0,20.36,0.45,1019.3,216.3,506.6,3,1,1,3.37,0.0,22,0,50,2,0.54,1.9
1689,24.21,-10.2,91.9,16.41,0.19,1001.6,308.4,669.4,12,80,0,3.12,1.4,7,2,39,3,0.85,0.0
1690,33.0,-0.8,76.4,33.13,0.68,1021.3,128.0,195.1,0,-13,0,3.77,0.0,2,3,84,1,0.28,13.5
1691,29.7,-8.1,35.2,28.63,0.49,1003.9,194.5,505.1,3,21,0,3.48,0.0,6,3,49,2,0.71,9.1
1692,34.49,5.8,64.6,40.9,0.24,1005.2,44.3,238.7,2,6,0,3.82,0.0,22,3,91,0,0.06,19.0
1693,34.55,3.1,61.4,34.24,0.33,1009.8,42.8,234.4,10,13,0,3.98,0.0,0,3,88,0,0.08,13.6
1694,37.49,0.8,88.4,26.2,0.28,1010.5,234.3,469.8,0,-7,0,3.43,0.0,4,2,51,2,0.49,6.7
1695,34.56,5.7,66.8,48.51,0.24,1004.1,54.7,227.1,8,12,0,4.0,0.0,5,1,99,0,0.01,25.3
1696,35.06,5.7,58.6,32.16,1.0,1002.0,49.4,226.8,85,84,0,3.85,5.7,11,2,93,0,0.02,13.3
1697,33.97,4.5,59.7,35.57,0.69,999.6,43.6,228.0,47,46,0,4.01,7.4,14,3,99,0,0.09,15.7
1698,34.23,5.1,66.9,41.36,0.64,1021.3,68.7,240.7,44,40,0,3.81,5.3,13,3,98,0,0.05,20.8
1699,34.4,6.2,73.1,30.33,0.72,1006.1,101.6,203.4,34,34,0,3.57,5.4,8,1,80,1,0.37,11.0
1700,35.78,3.4,70.3,37.71,0.49,1009.3,85.5,340.1,3,8,0,3.83,0.0,18,2,82,1,0.44,17.0
1701,35.13,8.9,51.9,31.49,0.63,1017.0,133.3,191.7,53,45,0,3.83,2.6,8,1,84,1,0.37,11.9
1702,34.8,5.8,62.5,41.96,0.16,1017.6,48.3,242.2,7,2,0,4.06,0.0,6,2,88,0,0.04,19.6
1703,34.06,5.6,64.7,33.8,0.18,1017.5,51.3,226.2,2,3,0,4.07,0.0,20,2,99,0,0.07,12.9
1704,34.66,4.7,60.0,48.54,0.22,1021.2,55.9,220.3,3,5,0,3.97,0.0,19,2,90,0,0.06,25.3
1705,42.99,20.4,32.8,17.23,0.16,1007.8,367.3,652.8,4,69,1,3.26,1.2,3,3,33,3,0.83,0.0
1706,31.64,-0.4,83.4,20.9,0.25,1013.3,169.1,553.8,0,-17,0,3.58,0.0,6,1,67,2,0.51,2.3
1707,33.9,2.5,64.6,36.64,1.0,1017.2,31.8,219.5,89,93,0,4.12,4.5,10,3,98,0,0.09,17.5
1708,35.78,9.4,53.0,30.61,0.55,1001.3,98.1,296.9,54,64,0,3.67,6.0,10,2,76,1,0.23,11.0
1709,34.44,3.7,64.2,32.86,1.0,1010.5,34.3,212.9,73,76,0,4.12,8.3,10,3,88,0,0.12,13.9
1710,34.81,2.8,55.0,31.67,0.27,1018.6,62.7,214.2,8,4,0,3.95,0.0,19,2,89,0,0.08,11.3
1711,34.2,6.3,46.6,34.77,0.59,1022.0,134.9,194.7,5,16,0,3.73,0.0,7,0,75,1,0.28,14.7
1712,27.03,-11.2,29.1,16.38,0.08,1011.2,278.5,678.9,1,48,0,3.05,1.5,21,3,29,3,0.93,0.0
1713,34.6,3.3,62.6,33.26,0.21,1013.5,57.7,233.3,8,3,0,4.12,0.0,5,1,91,0,0.07,12.5
1714,34.23,4.4,64.9,48.24,0.66,1017.5,60.1,214.7,46,41,0,3.98,8.1,11,3,88,0,0.09,27.0
1715,34.52,5.6,64.5,34.95,0.97,1010.1,71.4,234.7,67,71,0,4.1,7.4,15,0,96,0,0.07,15.8
1716,35.32,6.1,71.0,28.87,0.68,1008.6,113.6,348.4,4,2,0,3.74,0.0,19,1,80,1,0.27,9.6
1717,34.75,5.6,56.2,51.95,0.71,1016.4,56.9,215.6,46,48,0,3.93,8.2,13,3,91,0,0.1,30.6
1718,35.16,3.4,60.2,48.59,0.18,1003.3,74.6,217.9,5,2,0,3.9,0.0,4,0,93,0,0.03,25.1
1719,26.65,-0.9,94.1,17.6,0.07,1011.4,379.9,602.2,1,85,1,3.16,1.5,0,0,16,3,0.85,0.0
1720,34.92,4.8,65.9,43.21,1.0,1006.5,69.6,224.0,89,90,0,3.97,4.7,15,0,90,0,0.04,23.8
1721,35.7,9.6,69.4,28.72,0.61,1014.6,136.1,186.6,31,21,1,3.58,2.1,12,1,71,1,0.32,9.4
1722,33.2,6.2,46.8,25.73,0.62,1013.5,114.0,299.1,32,38,0,3.68,3.7,9,1,72,1,0.29,6.7
1723,34.11,3.9,56.3,46.56,1.0,1019.4,53.6,234.9,80,80,0,4.16,0.0,17,0,94,0,0.07,26.9
1724,34.98,5.3,59.6,38.09,0.19,998.7,43.6,239.1,4,0,0,3.88,0.0,20,3,90,0,0.08,16.5
1725,34.16,6.4,53.9,34.16,0.49,1009.0,124.2,190.9,1,-6,0,3.57,0.0,6,1,71,1,0.4,13.9
1726,38.81,4.3,80.3,25.94,0.34,1014.3,229.3,423.2,1,-13,0,3.5,0.0,19,3,56,2,0.74,6.6
1727,33.82,4.1,60.7,44.03,0.31,1000.2,69.5,235.8,10,11,0,3.97,0.0,23,0,95,0,0.12,21.9
1728,34.58,4.3,59.7,41.61,0.61,1007.6,57.7,241.2,40,38,0,3.98,4.4,9,3,93,0,0.02,20.9
1729,34.6,5.2,67.8,36.36,0.23,1016.7,40.3,231.1,7,11,0,3.92,0.0,21,3,94,0,0.09,15.2
1730,34.46,5.6,61.7,44.57,0.18,1015.8,39.8,211.9,3,-2,0,4.16,0.0,20,2,94,0,0.05,21.8
1731,35.15,9.1,75.2,31.07,0.52,1000.3,138.7,353.0,2,16,0,3.84,0.0,5,2,82,1,0.31,11.3
1732,33.45,2.2,72.0,29.79,0.53,1010.3,148.1,324.2,5,-6,0,3.77,0.0,3,0,76,1,0.34,10.2
1733,33.34,2.2,72.3,30.94,0.7,1011.4,88.8,200.1,4,-5,0,3.83,0.0,19,2,81,1,0.38,11.5
1734,34.49,3.0,58.2,50.11,0.25,1015.9,42.2,225.2,6,5,0,4.17,0.0,0,2,96,0,0.07,26.7
1735,35.12,5.0,55.4,34.21,0.21,1016.1,44.9,225.3,3,6,0,4.08,0.0,22,2,97,0,0.06,13.3
1736,26.89,-6.1,92.8,14.28,0.08,1014.2,330.5,623.3,3,94,1,3.05,0.1,16,1,32,3,0.95,0.0
1737,37.58,7.5,37.7,25.95,0.29,999.5,247.5,470.2,21,26,1,3.55,2.9,8,3,52,2,0.58,6.5
1738,35.01,6.5,60.5,47.65,0.88,1015.8,43.1,225.0,59,63,0,3.97,6.0,16,0,97,0,0.09,27.4
1739,34.05,3.4,65.6,51.54,0.26,1019.7,32.0,236.4,8,8,0,3.99,0.0,2,3,89,0,0.11,28.0
1740,33.45,1.4,74.0,34.01,0.56,998.6,99.0,364.5,3,10,1,3.58,0.0,1,0,70,1,0.28,14.0
1741,34.31,5.2,45.1,28.95,0.58,1019.9,149.4,182.1,2,12,0,3.53,0.0,18,2,71,1,0.29,9.5
1742,35.7,5.4,77.1,25.69,0.48,1000.0,125.7,181.1,2,-3,0,3.78,0.0,2,2,83,1,0.26,6.5
1743,33.81,5.7,55.1,45.56,1.0,1020.0,44.0,243.2,78,76,0,4.12,8.5,13,3,93,0,0.11,26.0
1744,32.4,6.1,47.0,26.28,0.49,999.3,137.8,299.5,4,0,0,3.83,0.0,22,0,78,1,0.39,7.1
1745,31.72,-4.8,83.7,25.41,0.35,1016.9,194.9,441.6,3,-1,1,3.51,0.0,6,3,50,2,0.72,6.1
1746,35.12,4.8,54.0,30.87,0.48,1019.6,123.5,208.3,3,-2,1,3.69,0.0,23,1,72,1,0.21,11.0
1747,39.73,16.7,40.5,23.25,0.4,1016.9,220.9,451.0,0,-9,0,3.53,0.0,21,1,49,2,0.64,4.3
1748,35.92,2.2,72.3,24.28,0.61,1006.6,127.8,198.2,0,12,0,3.54,0.0,7,0,71,1,0.39,5.4
1749,34.0,3.0,55.6,38.91,1.0,1017.4,39.8,224.8,73,69,0,4.06,6.6,11,1,92,0,0.01,19.7
1750,34.4,1.8,68.4,27.69,0.6,1019.9,135.3,188.2,4,-1,0,3.79,0.0,1,0,80,1,0.2,8.4
1751,38.6,6.0,82.8,26.54,0.37,1013.8,215.8,515.8,2,18,1,3.59,0.0,1,3,49,2,0.5,7.1
1752,35.0,3.8,63.5,44.84,1.0,1002.7,70.8,216.3,94,92,0,3.95,5.6,9,2,97,0,0.02,25.3
1753,41.74,8.3,30.7,20.23,0.1,1008.7,288.5,777.5,10,78,0,3.05,1.6,3,3,16,3,0.92,1.7
1754,34.35,2.4,56.8,36.79,0.64,1014.2,62.4,224.0,40,38,0,4.16,8.3,12,0,98,0,0.08,16.7
1755,34.32,2.5,57.0,30.99,1.0,1005.7,52.4,227.2,83,82,0,4.16,8.7,15,0,99,0,0.03,12.2
1756,24.05,0.8,32.5,18.2,0.2,1013.0,270.1,623.8,8,69,0,3.04,1.9,8,1,36,3,0.79,0.0
1757,34.87,6.4,57.4,37.25,0.26,1015.2,35.4,219.5,8,3,0,3.91,0.0,23,1,90,0,0.03,16.0
1758,36.24,6.1,50.2,35.4,0.7,1004.4,144.6,186.8,0,10,0,3.53,0.0,3,0,85,1,0.42,15.6
1759,31.05,-5.3,87.6,29.31,0.29,1010.4,164.5,440.8,0,7,1,3.45,0.0,6,3,66,2,0.73,9.4
1760,36.61,7.0,50.1,31.27,0.62,1004.8,94.8,377.3,42,41,0,3.78,4.4,16,0,85,1,0.29,11.7
1761,34.87,6.4,58.9,48.13,0.78,1019.6,53.5,228.7,52,54,0,4.08,4.2,11,1,93,0,0.05,27.4
1762,34.26,2.6,67.8,34.11,1.0,1015.0,41.3,222.8,75,78,0,4.18,5.9,16,1,94,0,0.06,15.1
1763,35.16,4.3,58.9,45.91,0.94,1007.4,61.8,239.0,68,64,0,3.92,0.0,17,1,91,0,0.02,26.1
1764,34.89,4.4,64.2,40.58,1.0,1000.9,47.8,213.3,81,76,0,3.83,7.8,11,1,88,0,0.04,21.3
1765,34.2,5.8,56.9,45.57,0.87,1000.9,65.5,230.9,59,59,0,3.88,6.8,12,0,95,0,0.08,25.5
1766,34.14,5.2,58.6,48.52,1.0,1005.2,56.1,225.8,79,80,0,4.09,7.6,11,1,92,0,0.1,28.8
1767,34.8,2.8,64.1,41.52,0.17,1017.4,66.6,235.1,3,6,0,3.99,0.0,19,3,99,0,0.02,19.3
1768,34.63,6.1,61.5,32.81,0.27,1002.0,41.5,226.0,5,8,0,3.82,0.0,4,0,91,0,0.11,12.3
1769,33.86,4.0,66.4,46.1,0.22,1009.0,30.6,225.8,3,2,0,4.0,0.0,7,2,96,0,0.1,23.2
1770,34.44,3.0,57.9,30.28,0.26,1000.9,47.3,240.1,7,8,0,4.17,0.0,23,3,96,0,0.03,10.1
1771,34.96,4.6,57.8,40.58,0.29,1002.7,68.5,224.5,10,7,0,3.85,0.0,5,1,91,0,0.04,18.9
1772,33.73,6.2,76.4,33.24,0.56,1004.1,122.0,181.1,3,0,0,3.69,0.0,0,2,73,1,0.45,13.3
1773,26.36,-2.2,34.0,20.87,0.19,1003.6,283.7,772.3,10,69,1,3.05,0.5,8,1,39,3,0.8,2.2
1774,34.79,5.4,59.0,35.55,1.0,1006.7,62.0,242.8,90,91,0,4.06,0.0,17,0,97,0,0.09,16.5
1775,34.16,5.5,56.0,34.59,0.81,1007.6,41.1,230.1,52,48,0,4.06,0.0,17,2,95,0,0.05,15.1
1776,34.31,6.2,57.7,31.96,0.78,1011.1,65.5,224.9,53,52,0,4.02,4.7,13,3,96,0,0.1,12.6
1777,34.9,6.6,66.1,47.85,0.72,1012.6,38.6,231.3,40,45,0,4.13,0.0,17,2,89,0,0.01,26.9
1778,33.8,3.7,58.7,43.61,0.89,1007.5,63.7,224.4,56,58,0,4.02,3.6,10,2,99,0,0.01,23.7
1779,37.06,9.0,43.8,29.81,0.37,1014.0,225.9,499.9,7,8,0,3.58,1.8,12,2,63,2,0.65,9.9
1780,33.85,3.6,63.8,40.08,1.0,1021.5,35.3,238.0,88,86,0,3.87,5.5,12,3,97,0,0.1,20.8
1781,34.25,1.5,51.8,34.76,0.58,1009.2,108.7,193.3,32,22,1,3.54,2.7,8,2,73,1,0.37,14.7
1782,32.88,1.5,48.7,31.73,0.59,1009.4,138.1,195.2,46,47,0,3.69,4.8,15,1,80,1,0.21,12.0
1783,26.98,-7.5,30.3,15.92,0.2,1019.2,394.4,768.2,3,82,1,3.13,0.3,11,3,27,3,0.86,0.0
1784,39.57,3.9,85.2,22.65,0.36,1019.8,198.7,506.7,23,43,1,3.41,2.7,11,3,53,2,0.68,3.8
1785,32.62,3.9,71.6,27.82,0.67,998.6,113.8,344.7,55,63,0,3.64,5.4,10,0,78,1,0.36,8.7
1786,35.01,6.5,55.4,41.71,0.89,1007.8,73.6,228.4,63,61,0,4.15,6.7,14,2,97,0,0.03,21.9
1787,26.18,5.6,94.2,14.61,0.05,1000.5,341.2,655.5,0,65,0,3.08,1.6,12,2,38,3,0.92,0.0
1788,34.52,3.0,66.3,49.6,0.24,1015.9,50.3,230.3,5,3,0,4.05,0.0,23,1,94,0,0.04,26.3
1789,40.16,17.3,86.6,21.47,0.26,1000.1,221.9,457.0,2,20,0,3.47,0.0,7,1,47,2,0.7,2.7
1790,34.48,5.7,61.9,36.58,0.2,1002.7,60.7,230.9,3,4,0,3.98,0.0,5,3,95,0,0.07,15.3
1791,34.17,3.5,57.8,45.53,0.23,1016.4,44.5,240.2,7,6,0,4.12,0.0,7,0,93,0,0.01,22.8
1792,34.06,3.4,61.1,39.52,0.26,1000.9,62.7,240.1,9,9,0,4.04,0.0,21,1,96,0,0.11,17.9
1793,34.81,6.4,67.0,40.82,0.16,1015.7,68.8,229.9,4,2,0,4.02,0.0,5,1,98,0,0.12,18.6
1794,35.11,6.6,60.8,42.73,0.21,998.7,45.1,234.3,2,4,0,4.09,0.0,6,1,93,0,0.1,20.4
1795,33.85,4.1,60.9,39.71,1.0,1008.4,39.2,228.8,81,80,0,3.87,3.6,13,2,93,0,0.04,20.4
1796,32.03,4.0,70.6,25.65,0.57,1020.8,93.4,285.8,20,11,0,3.68,5.0,10,2,78,1,0.4,6.6
1797,33.56,3.9,52.5,33.23,0.69,1019.3,146.6,206.7,55,57,0,3.71,1.1,13,3,71,1,0.45,13.6
1798,37.54,0.1,86.6,20.38,0.28,1017.7,172.4,470.6,11,32,0,3.5,1.9,13,0,45,2,0.53,1.8
1799,35.15,3.9,59.6,43.14,0.2,1014.4,73.6,244.2,2,4,0,3.9,0.0,5,1,88,0,0.1,20.7
1800,34.0,5.8,67.7,30.1,0.25,1021.9,57.4,217.5,10,10,0,4.05,0.0,6,1,99,0,0.07,10.0
1801,30.11,-1.5,85.6,22.97,0.32,1019.2,216.7,547.4,6,8,0,3.57,1.8,12,1,60,2,0.68,4.0
1802,34.8,3.3,63.3,48.88,0.19,1008.5,44.7,228.4,3,3,0,4.13,0.0,18,1,96,0,0.03,25.4
1803,35.02,4.6,56.3,40.27,0.96,1003.8,45.4,240.5,63,68,0,4.0,7.5,8,1,93,0,0.05,20.8
1804,34.82,5.7,66.1,39.98,0.83,1015.7,57.9,239.6,56,59,0,3.81,7.4,16,0,96,0,0.04,20.1
1805,34.45,5.6,70.6,30.21,0.68,1006.0,111.5,303.7,2,-13,0,3.63,0.0,22,2,76,1,0.4,10.8
1806,39.49,15.6,82.9,26.28,0.48,1003.2,237.6,462.0,29,37,0,3.47,1.1,16,0,67,2,0.56,7.0
1807,39.84,6.0,84.6,22.85,0.33,1009.1,221.6,422.4,6,31,0,3.59,2.4,14,1,67,2,0.56,4.0
1808,33.99,4.3,63.8,32.58,1.0,1004.3,45.3,224.8,94,96,0,3.93,3.7,8,0,95,0,0.03,13.7
1809,33.97,3.2,57.0,40.62,0.22,1002.8,64.9,215.4,4,9,0,4.16,0.0,23,0,89,0,0.1,18.7
1810,37.17,-0.1,88.6,23.56,0.49,1008.2,193.6,453.7,2,4,0,3.41,0.0,3,3,50,2,0.6,4.7
1811,34.91,2.9,67.1,39.12,1.0,1015.9,51.8,244.0,88,89,0,4.03,0.0,17,1,92,0,0.09,19.9
1812,34.86,4.6,55.7,44.97,0.24,1003.4,39.0,226.6,7,7,0,3.84,0.0,2,0,95,0,0.09,22.4
1813,39.16,1.5,42.8,29.56,0.47,998.8,226.8,478.8,21,37,0,3.46,0.0,17,3,45,2,0.65,9.9
1814,33.93,4.2,59.8,31.07,0.97,1010.0,39.2,211.5,65,64,0,4.06,4.8,11,1,97,0,0.03,12.2
1815,40.11,6.1,85.0,25.32,0.3,1007.9,211.9,552.1,0,15,0,3.59,0.0,1,1,48,2,0.6,6.0
1816,34.85,5.0,58.5,35.12,0.67,1001.6,67.9,214.7,40,43,0,3.91,7.6,14,3,92,0,0.05,15.2
1817,33.84,5.4,61.0,46.76,1.0,1014.6,55.1,236.8,88,85,0,3.89,6.8,13,2,96,0,0.08,27.1
1818,30.44,3.1,82.3,28.15,0.3,1008.5,204.6,432.4,13,17,0,3.48,1.7,15,3,55,2,0.5,8.4
1819,34.19,3.5,67.2,48.63,1.0,1017.4,58.2,237.7,77,72,0,3.9,8.8,9,1,94,0,0.05,28.9
1820,34.58,4.9,50.2,33.04,0.52,1003.5,136.4,357.2,5,18,0,3.55,0.0,2,0,77,1,0.43,13.0
1821,34.34,4.0,64.3,51.2,0.24,1014.5,39.2,224.5,6,9,0,4.15,0.0,22,2,93,0,0.1,27.6
1822,35.13,3.9,52.1,24.03,0.69,1004.3,109.2,195.1,55,61,0,3.8,1.7,10,3,85,1,0.3,5.3
1823,34.38,6.0,57.9,51.17,0.7,1014.4,51.0,222.9,46,45,0,4.1,4.5,8,2,90,0,0.02,29.8
1824,34.8,5.3,66.3,42.64,0.75,1000.4,36.2,218.7,45,50,0,4.05,7.1,13,3,94,0,0.1,22.3
1825,37.17,12.2,80.9,25.63,0.47,1009.8,178.8,446.0,1,26,0,3.43,0.0,7,2,51,2,0.67,6.5
1826,32.62,2.4,69.0,37.59,0.65,1006.4,111.1,202.3,4,8,0,3.51,0.0,18,0,72,1,0.24,17.4
1827,34.87,6.0,59.7,30.42,0.18,1019.7,56.9,221.7,4,6,0,3.96,0.0,20,2,92,0,0.12,10.1
1828,35.12,6.7,55.1,32.72,1.0,1011.2,51.8,235.6,87,87,0,4.03,4.3,16,1,90,0,0.11,13.8
1829,35.11,5.4,65.7,30.96,0.79,1006.4,35.0,244.9,55,52,0,3.97,4.9,14,2,94,0,0.02,11.7
1830,34.36,2.8,66.8,46.78,0.16,1014.2,73.6,221.9,2,3,0,3.93,0.0,1,1,90,0,0.06,23.5
1831,32.69,6.0,46.0,30.82,0.57,1010.5,85.5,207.1,47,49,1,3.66,1.4,12,3,75,1,0.22,11.2
1832,39.84,2.3,38.3,29.19,0.25,1018.9,239.6,500.4,12,36,0,3.38,1.5,12,3,55,2,0.64,9.2
1833,33.88,3.4,60.8,35.0,0.71,1014.4,43.4,215.1,46,49,0,4.06,5.8,13,2,93,0,0.07,15.2
1834,34.0,5.2,55.4,45.62,0.19,1007.4,33.1,237.1,3,3,0,3.92,0.0,23,0,91,0,0.02,22.7
1835,34.38,5.9,64.9,45.4,1.0,1016.5,30.3,226.9,89,89,0,3.82,6.7,11,1,92,0,0.07,25.8
1836,34.43,3.1,63.3,39.7,0.6,1003.4,36.6,237.5,40,39,0,4.07,8.3,8,1,98,0,0.03,19.1
1837,34.7,2.8,66.0,43.31,0.26,1016.6,46.8,228.5,9,10,0,3.84,0.0,6,3,91,0,0.11,21.1
1838,32.33,4.0,71.5,34.77,0.5,1010.0,108.6,182.5,3,7,0,3.53,0.0,7,0,82,1,0.35,14.5
1839,32.21,-0.7,75.2,28.68,0.5,998.2,125.9,206.1,29,37,0,3.66,4.3,16,2,82,1,0.41,9.2
1840,33.82,3.2,62.0,39.9,1.0,1016.9,59.2,224.9,81,78,0,3.96,7.7,8,3,98,0,0.12,20.6
1841,34.52,6.2,66.2,48.45,0.23,1009.2,63.3,210.9,5,6,0,3.91,0.0,2,0,96,0,0.07,25.2
1842,24.44,-10.9,88.2,17.25,0.13,1010.2,409.4,734.5,10,89,0,3.02,0.6,1,1,16,3,0.9,0.0
1843,34.4,3.6,63.5,30.62,0.23,1011.5,63.1,241.8,6,7,0,3.92,0.0,3,0,94,0,0.08,10.4
1844,34.3,3.4,65.6,35.28,0.29,1016.8,68.0,244.0,7,8,0,4.15,0.0,3,1,92,0,0.08,14.4
1845,33.87,3.0,59.6,44.06,0.25,1004.3,49.1,236.1,10,11,0,4.01,0.0,19,1,95,0,0.09,21.7
1846,34.65,4.8,59.9,50.79,1.0,1001.0,74.3,242.5,82,87,0,4.0,5.6,14,2,97,0,0.08,31.0
1847,36.04,7.0,45.6,29.34,0.58,1014.3,109.7,344.0,27,16,0,3.7,5.8,11,1,76,1,0.34,9.9
1848,34.58,5.9,62.2,41.34,0.28,1014.5,31.8,232.4,10,7,0,3.94,0.0,6,0,93,0,0.04,19.5
1849,34.19,4.7,62.1,34.1,0.13,1008.8,52.1,226.8,3,-1,0,4.05,0.0,1,1,99,0,0.03,13.0
1850,28.88,-3.5,83.1,25.68,0.32,1005.6,203.2,546.8,0,-5,0,3.55,0.0,18,1,65,2,0.58,6.3
1851,35.75,6.9,72.6,32.97,0.51,1018.6,98.2,200.1,33,27,0,3.82,1.4,15,3,85,1,0.37,12.9
1852,34.67,6.3,61.7,44.16,0.3,1010.9,63.0,216.6,7,9,0,4.03,0.0,4,3,97,0,0.03,21.9
1853,38.14,6.6,86.3,22.66,0.28,1004.3,182.8,549.2,25,22,0,3.32,1.5,14,0,68,2,0.71,3.8
1854,34.62,6.1,56.5,41.11,0.29,1021.0,73.1,213.7,10,6,0,4.03,0.0,6,2,98,0,0.11,19.3
1855,35.16,7.0,59.2,31.96,0.18,1000.2,53.8,237.9,3,-1,0,3.87,0.0,20,1,94,0,0.06,11.4
1856,37.56,4.3,87.2,20.03,0.29,1002.1,193.4,465.3,18,8,1,3.37,3.0,13,2,64,2,0.69,1.5
1857,33.81,2.5,65.9,36.08,0.2,1004.2,33.8,225.6,6,4,0,4.16,0.0,21,1,93,0,0.08,14.8
1858,32.24,1.1,75.9,32.09,0.66,1015.7,145.2,209.6,0,-1,1,3.57,0.0,21,0,78,1,0.23,12.5
1859,34.04,3.1,58.8,41.32,0.23,1019.8,34.8,221.8,3,4,0,3.9,0.0,23,1,96,0,0.1,19.3
1860,34.74,4.5,60.7,37.49,0.81,1008.5,46.2,238.1,48,51,0,3.83,8.5,8,0,93,0,0.09,17.8
1861,35.49,8.2,73.7,26.38,0.67,1012.0,130.8,360.3,4,-6,0,3.73,0.0,19,0,79,1,0.23,7.4
1862,34.21,4.6,58.7,45.25,0.26,1001.7,63.8,217.6,10,10,0,3.87,0.0,19,2,90,0,0.02,22.7
1863,29.8,-2.2,36.4,23.07,0.4,1011.1,221.9,490.9,2,26,0,3.59,0.0,3,1,56,2,0.59,4.2
1864,35.12,3.1,62.8,50.94,0.3,1021.2,41.1,223.5,7,11,0,3.9,0.0,22,1,89,0,0.08,27.7
1865,34.69,7.2,69.0,29.03,0.67,1004.0,97.4,206.5,1,-11,0,3.56,0.0,6,1,79,1,0.44,9.8
1866,32.71,5.4,51.6,27.4,0.66,1010.9,101.4,319.3,0,5,1,3.55,0.0,22,0,78,1,0.26,8.3
1867,28.12,1.3,40.6,26.61,0.44,1021.3,233.2,511.3,25,47,0,3.51,3.6,14,0,60,2,0.67,7.3
1868,33.99,5.9,55.5,30.45,0.23,1014.2,59.3,216.2,6,1,0,4.14,0.0,22,3,89,0,0.05,10.2
1869,26.79,-2.8,26.2,17.06,0.19,1015.4,311.5,649.4,4,38,0,3.21,0.4,19,3,39,3,0.82,0.0
1870,34.25,3.8,57.4,47.49,0.26,1016.6,55.0,213.6,10,7,0,3.94,0.0,22,1,98,0,0.03,24.6
1871,34.47,5.6,67.8,37.75,1.0,1017.7,71.3,219.6,81,79,0,3.89,6.4,14,3,97,0,0.08,18.6
1872,34.85,8.9,50.9,24.1,0.58,1011.4,105.7,326.8,0,-4,0,3.73,0.0,23,3,81,1,0.32,5.2
1873,34.93,4.5,48.6,34.76,0.51,1015.8,135.8,330.5,46,35,0,3.78,5.6,9,2,78,1,0.29,14.5
1874,34.32,3.5,59.3,45.58,1.0,1000.6,34.5,238.6,92,90,0,3.93,4.0,8,1,98,0,0.06,26.0
1875,34.38,5.4,59.0,38.84,0.22,1009.8,34.8,218.1,8,6,0,4.16,0.0,23,0,88,0,0.05,17.2
1876,34.17,3.7,60.5,49.1,1.0,1011.1,61.6,239.5,90,92,0,3.88,8.8,15,1,91,0,0.08,29.4
1877,35.04,3.2,66.4,50.78,0.19,1000.9,66.7,232.9,5,5,0,4.06,0.0,4,0,90,0,0.09,27.0
1878,36.55,9.2,75.6,35.78,0.51,1003.8,117.4,182.1,2,6,0,3.54,0.0,5,3,82,1,0.2,15.4
1879,34.79,7.8,76.3,24.26,0.64,1010.0,86.7,196.0,52,62,0,3.83,4.6,13,2,71,1,0.37,5.4
1880,32.11,-0.8,68.5,30.59,0.57,1018.5,118.7,181.9,60,62,0,3.57,4.8,9,0,85,1,0.27,11.0
1881,25.87,5.6,27.3,14.3,0.11,1005.0,378.6,620.6,2,43,0,3.28,0.6,6,1,14,3,0.86,0.0
1882,34.31,4.6,67.5,46.72,0.24,1018.7,50.5,220.6,2,4,0,3.85,0.0,6,0,93,0,0.04,23.8
1883,33.92,3.0,59.9,42.19,0.32,1020.0,65.1,234.9,10,14,0,4.11,0.0,22,3,95,0,0.06,20.3
1884,34.45,4.5,56.0,51.36,0.18,1003.4,65.5,231.2,3,6,0,4.04,0.0,2,1,92,0,0.03,27.4
1885,34.15,6.0,59.4,44.19,1.0,1021.1,52.6,242.5,91,87,0,3.88,4.1,8,2,98,0,0.07,24.7
1886,35.49,7.6,74.3,28.64,0.5,1007.4,136.7,328.4,2,3,0,3.77,0.0,18,3,80,1,0.33,9.1
1887,34.19,2.8,59.0,31.79,0.22,1019.5,38.6,218.2,4,6,0,4.16,0.0,4,0,93,0,0.04,11.3
1888,42.91,17.0,90.8,18.81,0.11,1020.5,338.8,701.0,2,37,0,3.12,0.7,0,1,22,3,0.82,0.5
1889,36.41,2.6,51.1,37.61,0.61,1017.2,114.6,195.1,4,6,0,3.73,0.0,1,3,74,1,0.42,17.3
1890,34.0,4.2,63.7,46.72,0.19,1014.0,71.7,210.8,6,8,0,3.87,0.0,1,0,99,0,0.05,23.6
1891,31.77,5.0,85.6,25.22,0.31,1020.7,191.1,479.9,20,5,0,3.59,0.0,17,0,54,2,0.51,5.9
1892,34.7,2.4,68.8,24.19,0.52,998.7,137.3,195.1,49,58,0,3.77,4.5,15,0,77,1,0.36,5.3
1893,34.33,5.3,60.5,49.63,0.3,1021.1,53.9,244.7,9,14,0,3.82,0.0,7,1,88,0,0.03,26.6
1894,30.38,6.9,43.4,22.84,0.26,1008.2,217.3,456.6,23,13,0,3.34,3.8,16,0,46,2,0.66,3.9
1895,33.92,4.9,58.4,41.22,0.87,1003.8,46.1,223.3,63,59,0,4.03,8.4,9,1,88,0,0.06,21.4
1896,34.98,4.3,59.6,51.4,0.87,1002.9,47.2,233.9,58,53,0,3.93,5.6,14,2,98,0,0.04,30.9
1897,34.69,3.6,56.5,38.34,0.17,1006.7,67.6,241.5,4,-1,0,3.95,0.0,2,2,88,0,0.07,16.6
1898,34.74,6.2,58.4,51.7,0.27,1016.6,59.1,224.8,9,14,0,4.11,0.0,4,1,98,0,0.07,28.2
1899,30.74,-3.5,84.8,27.92,0.27,1021.9,231.5,463.6,1,7,0,3.55,0.0,3,0,59,2,0.56,8.2
1900,33.98,3.8,63.3,42.77,0.92,1012.2,46.6,228.7,57,61,0,3.81,7.9,10,1,93,0,0.02,23.0
1901,36.56,4.1,50.7,36.96,0.58,1006.7,141.9,331.8,41,26,1,3.67,4.3,11,0,84,1,0.22,16.6
1902,34.19,4.5,64.1,42.44,0.85,1007.3,52.2,226.9,58,57,0,3.81,5.8,9,1,88,0,0.1,22.5
1903,34.56,5.2,56.6,47.65,1.0,1013.6,63.4,226.0,91,91,0,4.1,0.0,17,1,96,0,0.1,28.0
1904,33.94,5.7,56.6,48.91,0.97,1018.0,69.9,218.9,69,66,0,4.08,6.8,9,3,94,0,0.01,29.0
1905,34.69,4.0,58.3,37.93,0.28,1016.6,31.4,229.7,8,5,0,4.07,0.0,19,1,89,0,0.04,16.6
1906,34.71,4.9,58.0,44.83,0.22,1011.8,60.6,234.2,6,4,0,3.9,0.0,6,1,90,0,0.04,22.2
1907,34.9,3.5,61.5,50.38,0.21,1015.6,71.0,229.9,6,6,0,4.14,0.0,4,1,93,0,0.09,26.8
1908,34.07,5.5,56.4,46.05,0.22,1012.4,61.9,220.1,4,6,0,3.86,0.0,3,1,88,0,0.09,23.2
1909,38.67,10.7,82.5,22.78,0.48,1010.1,241.6,519.5,2,-16,0,3.41,0.0,6,3,62,2,0.5,4.0
1910,35.11,3.2,64.2,40.49,0.18,1020.7,66.2,228.6,4,-1,0,3.93,0.0,3,0,96,0,0.05,18.4
1911,34.91,5.1,57.4,50.03,0.81,1021.1,58.1,221.1,56,54,0,4.13,4.6,14,3,99,0,0.1,29.3
1912,34.78,1.1,77.6,34.59,0.47,1011.7,92.8,317.9,3,2,0,3.72,0.0,19,3,82,1,0.26,14.3
1913,34.5,2.5,59.7,33.99,0.67,999.2,46.0,218.7,41,41,0,3.82,6.0,12,2,97,0,0.01,14.2
1914,31.4,-1.5,35.9,29.41,0.44,1008.9,173.0,486.7,1,-2,0,3.32,0.0,19,1,50,2,0.74,9.7
1915,34.38,3.0,64.3,30.61,0.76,1021.4,30.0,212.1,49,46,0,4.13,8.7,11,0,97,0,0.02,11.3
1916,35.19,3.4,64.1,34.61,0.77,1000.8,55.7,237.0,48,46,0,4.14,8.4,11,1,95,0,0.07,15.0
1917,32.14,5.1,68.1,24.04,0.61,1003.3,145.8,181.7,47,59,0,3.66,1.1,11,3,78,1,0.44,5.2
1918,34.68,5.5,60.5,37.49,0.27,999.0,59.2,228.0,9,9,0,3.8,0.0,0,0,89,0,0.05,16.2
1919,34.15,5.6,60.4,41.04,0.29,1005.4,43.1,223.8,9,6,0,4.15,0.0,19,3,99,0,0.04,19.3
1920,33.55,6.6,77.5,33.27,0.7,1016.8,101.9,290.6,3,-4,0,3.57,0.0,7,2,79,1,0.34,13.6
1921,35.16,5.9,60.7,41.24,0.31,1004.5,70.2,229.6,8,12,0,4.14,0.0,22,3,96,0,0.11,19.5
1922,34.7,3.1,67.2,50.89,0.24,1003.2,50.6,215.3,8,7,0,4.05,0.0,2,0,97,0,0.06,27.3
1923,34.02,3.8,62.5,37.84,1.0,1004.5,69.5,213.8,87,86,0,3.86,8.4,15,0,95,0,0.12,18.7
1924,34.68,3.7,57.6,38.67,0.27,1018.0,45.5,238.1,9,9,0,4.14,0.0,0,2,90,0,0.11,17.2
1925,34.09,4.3,59.4,51.78,0.31,1010.1,52.3,214.9,8,10,0,3.89,0.0,7,1,93,0,0.01,28.4
1926,32.55,3.2,75.1,31.56,0.65,1012.5,96.8,191.4,0,3,1,3.81,0.0,18,2,76,1,0.43,12.0
1927,35.06,4.6,58.5,44.39,0.21,1014.3,67.0,244.1,8,8,0,3.96,0.0,22,1,92,0,0.11,21.8
1928,29.99,-3.7,78.5,27.87,0.31,1013.9,209.9,551.4,8,5,0,3.6,3.2,14,3,47,2,0.68,8.2
1929,34.58,4.6,56.1,41.08,0.96,1005.2,62.8,238.9,64,62,0,4.13,8.5,9,2,99,0,0.11,21.6
1930,34.32,3.8,61.5,45.94,0.22,1004.0,49.3,228.3,6,9,0,3.99,0.0,0,2,91,0,0.05,23.1
1931,34.09,5.6,58.4,34.51,0.15,1011.5,55.7,212.9,4,1,0,4.12,0.0,23,3,90,0,0.07,13.4
1932,34.95,6.7,57.8,45.8,0.21,1017.9,73.6,233.2,2,1,0,4.1,0.0,0,0,95,0,0.06,22.9
1933,35.13,5.9,63.4,42.06,0.28,1008.6,47.1,210.2,7,8,0,4.14,0.0,21,2,99,0,0.05,20.1
1934,42.87,6.7,28.6,16.81,0.09,1006.2,325.9,659.0,6,79,0,3.02,0.7,12,3,33,3,0.78,0.0
1935,34.24,4.2,66.4,36.33,0.22,1001.4,71.7,212.5,7,2,0,4.0,0.0,20,1,96,0,0.08,15.1
1936,32.68,6.4,68.8,32.33,0.59,1007.1,130.5,284.1,58,48,0,3.58,3.6,11,2,78,1,0.4,12.6
1937,35.01,6.0,60.6,35.65,1.0,998.5,56.3,218.6,91,87,0,4.06,9.0,15,1,91,0,0.1,16.6
1938,41.77,17.6,28.6,16.24,0.07,1012.6,307.7,672.3,5,93,1,3.05,0.8,2,0,20,3,0.85,0.0
1939,35.14,3.3,57.7,34.39,1.0,1019.9,33.3,225.9,76,79,0,3.83,4.8,8,2,94,0,0.05,15.4
1940,32.98,1.5,51.4,27.5,0.58,1012.4,122.4,202.3,47,53,0,3.55,5.7,13,1,71,1,0.3,8.2
1941,36.4,9.3,70.6,37.29,0.61,1010.6,112.6,199.0,3,10,0,3.81,0.0,23,0,79,1,0.43,17.0
1942,34.63,4.2,57.5,31.99,1.0,999.4,51.7,235.4,78,73,0,4.18,8.0,11,0,89,0,0.06,13.1
1943,40.02,3.6,36.7,21.24,0.47,1015.5,255.5,483.6,0,-12,0,3.32,0.0,19,2,53,2,0.49,2.6
1944,39.53,14.5,80.0,22.17,0.45,1001.2,163.6,474.7,18,24,0,3.6,1.7,12,1,54,2,0.62,3.4
1945,34.55,2.9,67.4,36.89,0.3,999.5,30.7,211.9,9,9,0,4.12,0.0,4,2,92,0,0.02,15.8
1946,35.13,4.7,55.6,34.67,1.0,1009.2,42.6,210.5,87,91,0,4.0,8.2,9,2,97,0,0.08,15.6
1947,34.22,2.4,65.2,40.65,0.2,1001.1,33.9,241.8,2,4,0,4.06,0.0,4,2,91,0,0.09,18.6
1948,33.06,-0.2,71.4,37.26,0.54,1007.8,113.7,292.7,42,42,0,3.82,2.4,15,3,75,1,0.43,16.8
1949,28.87,-7.3,41.7,20.51,0.28,1017.9,172.8,457.3,3,28,1,3.32,0.0,3,2,51,2,0.65,1.9
1950,34.41,6.1,61.1,33.98,0.24,1001.2,68.5,228.9,7,10,0,3.87,0.0,7,1,97,0,0.09,13.2
1951,35.09,3.9,64.0,35.33,0.28,1000.0,34.9,244.5,7,11,0,3.98,0.0,19,0,92,0,0.11,14.4
1952,34.74,5.9,67.8,45.88,0.26,1004.0,31.5,242.4,8,13,0,3.8,0.0,23,0,92,0,0.04,23.2
1953,34.15,5.9,65.7,32.04,0.24,1013.1,63.7,229.7,8,12,0,4.17,0.0,6,3,98,0,0.09,11.6
1954,34.5,4.3,59.1,50.28,0.27,1006.9,50.8,211.6,10,12,0,3.82,0.0,5,3,91,0,0.11,27.0
1955,33.86,4.8,55.8,41.32,0.24,1006.9,49.0,232.2,4,4,0,3.98,0.0,1,0,93,0,0.06,19.3
1956,34.57,4.9,59.0,47.68,0.88,1018.7,50.8,211.0,58,57,0,4.07,8.0,13,0,98,0,0.05,27.5
1957,34.85,5.2,64.6,36.9,1.0,1014.2,45.0,226.3,71,69,0,4.18,5.5,9,0,95,0,0.1,17.8
1958,31.16,-1.0,86.6,22.19,0.44,1000.1,224.1,527.7,12,37,1,3.47,1.9,11,2,53,2,0.55,3.5
1959,35.04,5.3,59.2,43.95,0.32,1004.6,63.0,221.8,9,13,0,4.04,0.0,18,1,94,0,0.04,21.8
1960,22.34,-4.6,29.2,15.25,0.15,1021.5,351.8,600.8,7,49,1,3.22,0.4,9,1,16,3,0.91,0.0
1961,34.69,4.0,55.4,38.67,0.21,1017.4,62.2,233.6,6,10,0,3.98,0.0,6,1,98,0,0.06,17.0
1962,27.6,-5.8,30.9,14.35,0.22,1014.5,382.7,642.7,10,33,0,3.11,0.8,6,0,24,3,0.98,0.0
1963,42.2,9.6,27.8,20.34,0.05,1017.0,347.7,666.3,10,75,1,3.2,0.7,7,3,17,3,0.91,1.7
1964,34.99,4.6,57.7,40.73,0.99,1002.0,71.1,215.0,68,65,0,4.11,5.8,12,3,99,0,0.07,21.4
1965,34.07,4.6,63.7,38.75,0.21,1011.1,40.8,232.3,8,9,0,4.16,0.0,1,2,99,0,0.08,17.1
1966,34.94,3.9,60.0,50.74,1.0,1014.3,63.2,228.2,73,75,0,4.17,6.8,12,3,88,0,0.12,30.9
1967,35.14,3.6,63.1,36.59,0.2,1011.1,44.6,238.0,5,10,0,4.01,0.0,20,2,91,0,0.09,15.3
1968,34.61,4.1,57.5,44.2,1.0,1012.6,51.1,230.5,91,88,0,4.17,0.0,17,0,91,0,0.08,24.7
1969,36.21,2.8,76.0,24.44,0.62,1003.8,90.0,330.1,2,-8,0,3.53,0.0,0,0,72,1,0.24,5.6
1970,33.4,0.2,73.5,32.33,0.57,1020.8,90.2,298.4,27,29,0,3.79,1.9,12,1,70,1,0.29,12.5
1971,34.25,2.9,66.8,44.44,0.16,1019.2,61.4,210.5,2,-2,0,3.83,0.0,3,3,93,0,0.06,21.6
1972,37.9,15.0,87.5,23.13,0.43,1015.2,251.0,487.3,2,-14,0,3.49,0.0,5,2,65,2,0.51,4.3
1973,34.48,2.8,61.9,31.02,0.79,1002.9,38.4,211.2,56,51,0,4.07,0.0,17,3,96,0,0.01,11.8
1974,34.09,3.2,56.5,49.15,0.23,1006.4,60.0,210.4,7,11,0,3.83,0.0,20,0,98,0,0.04,25.8
1975,34.31,5.4,63.5,32.17,0.18,1019.4,31.9,215.7,5,1,0,3.91,0.0,22,3,99,0,0.07,11.6
1976,34.86,5.6,60.2,47.48,1.0,1010.2,52.7,214.0,67,69,0,3.85,6.8,15,0,89,0,0.03,27.8
1977,34.13,6.1,55.2,40.63,0.89,1017.0,37.7,231.5,59,55,0,3.88,8.2,8,1,98,0,0.04,20.9
1978,32.29,2.8,72.5,31.67,0.56,1012.6,136.7,305.9,2,-8,0,3.52,0.0,2,2,78,1,0.4,11.9
1979,34.82,3.2,68.0,37.47,0.19,1008.6,59.3,223.7,6,1,0,4.07,0.0,1,0,95,0,0.01,16.0
1980,34.82,6.7,62.1,49.97,1.0,1019.5,55.4,214.1,84,87,0,3.83,4.4,14,3,92,0,0.1,30.2
1981,34.67,3.8,55.5,31.41,0.98,1009.1,31.3,220.6,65,65,0,4.12,8.2,12,0,89,0,0.06,12.5
1982,34.29,3.0,65.6,38.92,0.26,1008.7,49.8,225.2,10,13,0,3.86,0.0,21,3,92,0,0.12,17.4
1983,34.22,3.4,63.9,42.71,0.29,1010.0,72.3,229.0,10,6,0,4.09,0.0,21,0,93,0,0.1,20.7
1984,34.38,6.1,55.9,32.12,0.17,1019.6,68.7,214.5,8,3,0,3.84,0.0,22,3,93,0,0.06,11.5
1985,34.01,5.4,57.7,36.72,0.91,1012.8,30.2,234.6,62,60,0,3.97,4.2,14,0,99,0,0.1,17.3
1986,34.53,5.1,62.2,33.84,1.0,1009.3,65.3,222.6,72,74,0,4.03,8.7,11,1,99,0,0.03,14.9
1987,35.06,5.0,55.4,44.65,0.25,1004.4,66.7,218.5,10,11,0,4.0,0.0,21,0,92,0,0.09,22.2
1988,34.58,5.9,59.1,45.62,0.23,1021.3,64.1,237.9,7,4,0,4.01,0.0,21,3,94,0,0.08,22.9
1989,35.17,6.2,57.9,43.88,0.61,1019.1,40.6,220.9,40,41,0,3.96,4.9,15,1,89,0,0.1,22.9
1990,34.07,4.6,66.5,38.83,0.27,998.8,74.3,216.2,8,6,0,3.96,0.0,2,2,91,0,0.11,17.3
1991,34.92,5.8,56.5,35.96,0.85,1021.8,70.8,232.8,59,57,0,3.83,6.1,8,2,97,0,0.04,16.5
1992,32.8,4.6,50.7,27.33,0.48,1009.8,119.5,365.6,39,36,0,3.56,1.6,10,3,83,1,0.44,8.0
1993,38.01,6.9,87.7,23.23,0.41,1000.8,259.1,444.3,3,-4,0,3.46,0.0,19,1,65,2,0.61,4.3
1994,34.24,6.0,56.5,34.85,0.18,1021.0,46.6,243.0,3,6,0,3.87,0.0,7,0,91,0,0.09,13.8
1995,34.84,3.5,68.0,38.9,0.72,1007.2,31.2,227.6,48,47,0,4.08,0.0,17,1,98,0,0.07,18.8
1996,33.87,3.4,65.6,39.37,0.24,1003.8,33.2,219.4,8,3,0,3.84,0.0,5,2,97,0,0.01,17.7
1997,36.23,9.4,76.6,29.4,0.45,1019.6,89.2,197.9,60,46,1,3.77,3.2,14,2,70,1,0.29,9.7
1998,35.19,3.4,56.1,34.12,1.0,1013.3,32.0,241.8,88,83,0,4.15,6.9,10,0,96,0,0.06,15.1
1999,34.35,3.4,56.0,38.18,0.24,1008.9,63.6,231.6,6,3,0,4.09,0.0,3,1,98,0,0.08,16.7
2000,33.89,5.6,55.9,38.63,0.76,1021.5,33.8,239.3,48,47,0,3.99,4.9,8,1,94,0,0.1,18.7
2001,34.79,4.0,66.0,51.46,0.25,1012.6,63.3,234.8,6,8,0,3.88,0.0,18,2,95,0,0.09,27.9
2002,34.24,3.9,61.2,38.58,0.26,1012.5,51.1,238.7,10,8,0,4.07,0.0,5,1,93,0,0.02,17.1
2003,34.88,4.4,65.6,51.41,0.21,1012.9,40.3,211.9,5,5,1,3.85,0.0,23,0,96,0,0.05,27.6
2004,36.1,7.1,71.6,35.83,0.67,1018.1,129.0,191.8,51,46,1,3.53,2.5,12,3,74,1,0.3,15.9
2005,35.03,4.4,56.7,37.68,0.73,1009.3,42.5,230.4,43,46,0,3.92,5.6,9,0,92,0,0.05,17.7
2006,34.43,3.5,66.6,40.09,1.0,1016.0,71.5,242.4,89,89,0,3.9,8.0,14,2,93,0,0.1,20.8
2007,35.12,3.7,67.2,47.45,1.0,1012.1,63.5,239.0,66,68,0,4.05,7.9,10,0,90,0,0.1,27.8
2008,34.7,2.1,53.9,27.57,0.69,1014.0,106.3,358.7,3,3,0,3.7,0.0,20,1,71,1,0.21,8.5
2009,33.8,3.6,62.3,50.71,1.0,999.7,64.2,222.0,85,81,0,4.08,6.1,10,2,99,0,0.05,30.9
2010,34.15,5.3,57.1,46.45,0.16,1019.2,42.8,212.5,4,5,0,3.93,0.0,6,3,91,0,0.01,23.3
2011,34.5,6.1,61.4,51.93,0.29,1020.9,50.2,228.2,8,8,0,3.88,0.0,2,0,92,0,0.07,28.5
2012,35.04,4.4,60.0,41.1,0.17,1018.8,74.7,217.1,5,0,0,4.0,0.0,2,3,94,0,0.04,18.9
2013,35.03,5.0,45.8,36.72,0.46,1009.0,115.6,181.4,1,7,0,3.65,0.0,1,1,83,1,0.38,16.1
2014,34.38,5.4,64.9,37.28,0.96,1006.6,50.5,220.9,62,61,0,4.14,6.3,14,3,99,0,0.08,18.0
2015,33.87,3.3,60.0,48.1,0.2,1019.1,39.2,221.0,5,3,0,3.85,0.0,23,0,91,0,0.09,24.8
2016,36.72,8.4,74.5,29.27,0.45,1000.5,105.5,180.9,0,-11,0,3.78,0.0,6,2,84,1,0.2,9.6
2017,33.43,5.4,49.3,28.0,0.72,1002.2,95.2,207.1,3,18,0,3.59,0.0,20,0,84,1,0.23,8.9
2018,34.26,5.7,61.2,35.04,0.69,1011.1,37.6,215.9,42,39,0,3.99,4.6,9,0,89,0,0.06,15.2
2019,34.87,5.6,62.8,50.98,1.0,1012.0,33.8,233.4,92,96,0,4.16,0.0,17,2,99,0,0.05,31.1
2020,34.94,5.7,63.5,33.18,0.26,1001.7,43.2,220.4,6,6,1,3.9,0.0,23,2,90,0,0.12,12.6
2021,34.31,5.1,58.3,40.34,0.3,1008.8,70.1,237.6,10,14,0,4.09,0.0,23,3,98,0,0.02,18.7
2022,34.0,5.9,63.3,45.35,0.17,1013.2,45.5,211.6,4,7,0,4.05,0.0,1,1,99,0,0.06,22.4
2023,34.03,5.4,46.0,32.65,0.67,1002.3,91.4,180.4,3,6,0,3.63,0.0,7,2,85,1,0.27,13.0
2024,35.44,5.2,51.0,33.62,0.59,1010.2,98.1,336.2,45,45,0,3.84,4.4,11,2,82,1,0.31,13.7
2025,32.53,1.4,76.4,36.48,0.71,1006.2,129.0,322.1,55,58,0,3.65,4.7,11,2,83,1,0.3,16.6
2026,34.38,4.0,66.2,51.65,0.89,999.6,33.2,217.2,61,62,0,3.94,3.9,11,2,94,0,0.03,31.2
2027,41.57,5.3,32.6,18.06,0.14,1000.0,403.8,678.3,12,79,0,3.2,1.7,4,0,25,3,0.91,0.0
2028,34.03,5.5,63.2,33.97,1.0,1004.8,41.7,217.2,76,73,0,3.83,4.9,13,1,89,0,0.04,15.0
2029,34.35,5.5,67.6,35.36,0.33,1007.3,63.9,213.2,10,11,0,4.12,0.0,18,0,93,0,0.05,14.6
2030,33.82,5.8,57.5,40.79,1.0,1005.2,48.8,217.2,87,87,0,3.91,7.7,13,1,89,0,0.07,21.5
2031,34.84,6.3,61.1,33.83,0.24,1015.4,30.8,236.3,6,9,0,4.18,0.0,0,0,93,0,0.03,13.1
2032,34.58,2.7,64.0,30.07,1.0,1021.2,36.8,243.8,93,96,0,4.06,7.5,10,3,98,0,0.05,11.3
2033,34.08,2.9,63.4,44.43,0.13,1003.0,59.9,212.2,3,-1,0,3.98,0.0,21,0,88,0,0.1,21.5
2034,34.12,5.3,63.5,31.62,0.78,1021.5,72.2,220.6,51,54,0,4.12,6.7,12,3,88,0,0.04,12.3
2035,35.21,2.4,53.9,33.64,0.63,1008.8,87.0,316.1,42,47,1,3.57,4.6,15,0,74,1,0.38,13.8
2036,34.96,3.6,62.6,38.12,0.18,1007.6,45.4,238.5,5,0,0,3.97,0.0,22,2,99,0,0.02,16.5
2037,39.78,8.4,83.5,25.03,0.29,1008.6,176.0,521.3,1,13,1,3.51,0.0,4,2,53,2,0.57,5.8
2038,34.14,2.7,64.4,33.03,1.0,1013.7,48.4,222.3,66,66,0,3.85,8.7,13,2,89,0,0.09,14.1
2039,34.71,5.0,53.0,34.9,0.5,1018.0,147.2,196.9,2,5,0,3.79,0.0,21,2,80,1,0.39,14.6
2040,35.03,5.5,66.9,30.36,1.0,1006.3,54.1,225.3,80,80,0,3.81,8.4,13,3,99,0,0.1,11.6
2041,34.0,5.7,57.7,51.1,1.0,1013.3,61.4,244.1,90,90,0,3.95,3.6,12,3,92,0,0.02,31.3
2042,34.59,2.9,59.3,41.77,0.34,1015.1,40.3,211.2,10,12,0,3.8,0.0,0,3,91,0,0.03,20.1
2043,26.55,-1.8,28.8,15.15,0.05,1008.1,397.9,648.6,3,86,0,3.08,1.5,17,0,40,3,0.88,0.0
2044,34.78,8.2,48.1,29.71,0.58,1004.0,127.9,360.6,1,4,0,3.64,0.0,0,3,77,1,0.31,10.2
2045,34.84,5.1,59.4,46.42,0.26,1001.0,74.4,241.3,10,12,0,4.09,0.0,19,0,96,0,0.07,23.7
2046,33.93,4.6,67.6,36.96,0.28,999.2,66.0,224.8,8,5,0,4.14,0.0,5,2,97,0,0.09,15.8
2047,33.85,5.8,50.5,32.12,0.47,1008.6,115.3,181.2,0,14,0,3.51,0.0,0,0,80,1,0.25,12.1
2048,35.5,5.5,76.4,32.46,0.48,1010.6,134.0,337.4,0,2,1,3.69,0.0,22,1,82,1,0.44,12.4
2049,33.82,3.2,58.8,47.44,0.22,1002.7,72.0,229.0,6,11,0,3.84,0.0,4,0,97,0,0.12,24.4
2050,29.18,-1.5,81.1,26.25,0.46,1008.7,242.6,463.9,19,38,1,3.5,3.2,11,2,62,2,0.52,7.0
2051,34.4,6.3,67.9,42.7,1.0,1003.1,47.4,215.8,86,89,0,3.83,4.6,13,3,92,0,0.11,23.3
2052,34.55,4.0,58.7,32.2,0.16,1018.9,60.1,232.8,2,5,0,4.06,0.0,19,3,91,0,0.07,11.5
2053,34.85,3.6,58.2,50.53,0.74,1010.2,37.5,210.2,47,47,0,3.84,4.7,14,0,89,0,0.11,29.5
2054,34.43,5.1,65.9,43.35,0.32,1008.5,52.2,230.8,10,13,0,3.82,0.0,1,2,95,0,0.03,21.3
2055,34.85,3.9,57.4,38.32,0.22,1009.3,60.6,210.5,8,3,0,4.03,0.0,1,2,92,0,0.08,16.8
2056,34.85,5.5,61.0,50.86,0.28,1002.3,38.5,224.2,8,10,0,4.08,0.0,5,3,95,0,0.04,27.5
2057,26.87,4.6,29.8,18.58,0.21,1020.2,417.5,624.3,11,83,0,3.02,0.2,14,2,42,3,0.88,0.3
2058,34.29,0.5,70.3,29.89,0.72,1011.1,141.2,326.0,2,10,0,3.52,0.0,3,2,70,1,0.3,10.6
2059,41.06,2.3,93.6,14.36,0.21,1016.7,296.6,661.5,8,84,1,3.26,0.7,16,1,19,3,0.82,0.0
2060,34.67,2.9,66.5,37.46,0.21,1013.3,36.2,236.9,9,4,0,3.93,0.0,18,1,96,0,0.06,16.0
2061,33.81,3.8,63.3,40.21,1.0,1013.2,66.2,243.7,83,80,0,4.08,5.6,12,1,99,0,0.03,20.9
2062,24.51,0.4,33.6,18.79,0.11,1010.6,419.6,695.5,0,56,0,3.16,1.5,18,3,34,3,0.93,0.5
2063,37.54,12.5,43.6,22.23,0.38,1003.8,169.0,531.2,1,25,0,3.56,0.0,18,1,57,2,0.69,3.5
2064,30.01,7.2,82.0,25.39,0.38,1003.6,166.4,495.5,1,1,0,3.37,0.0,18,2,45,2,0.55,6.2
2065,35.07,5.7,57.1,36.66,0.94,1000.4,36.8,226.6,60,65,0,3.97,8.0,12,1,94,0,0.07,17.4
2066,32.44,4.7,75.4,36.7,0.53,1011.8,108.8,185.2,54,52,0,3.72,2.5,16,3,75,1,0.3,16.3
2067,34.64,4.7,63.5,38.64,1.0,1015.9,43.0,226.3,82,80,0,3.81,6.5,11,3,89,0,0.05,19.4
2068,34.09,2.7,66.6,40.99,0.26,1015.0,44.0,211.7,6,11,0,3.96,0.0,4,0,92,0,0.12,19.1
2069,33.93,4.7,64.3,39.49,0.27,1005.0,61.0,223.6,5,6,0,4.0,0.0,21,0,93,0,0.05,17.9
2070,35.08,5.6,66.1,46.8,0.17,1021.6,47.0,215.7,7,3,1,3.92,0.0,0,2,88,0,0.06,23.6
2071,35.79,2.7,71.9,27.67,0.63,1001.2,85.4,281.8,26,25,0,3.79,4.1,13,0,82,1,0.43,8.5
2072,33.83,2.2,60.1,49.22,0.88,1004.6,52.1,229.1,60,62,0,4.15,5.9,9,2,90,0,0.02,28.9
2073,34.84,5.8,66.0,50.35,0.24,1013.8,30.6,212.7,3,8,0,4.03,0.0,6,1,90,0,0.05,26.9
2074,28.38,-2.6,80.6,27.64,0.31,1017.2,182.2,447.9,8,19,0,3.4,1.4,11,0,50,2,0.7,8.0
2075,34.86,5.5,57.3,49.81,1.0,1000.7,30.3,237.4,72,77,0,3.87,0.0,17,1,98,0,0.07,30.0
2076,33.97,5.7,65.6,48.72,0.91,1019.3,48.8,225.1,61,56,0,3.89,7.4,14,3,97,0,0.04,28.6
2077,34.95,5.8,63.9,40.7,1.0,1016.2,37.6,211.6,88,85,0,4.1,4.8,9,1,92,0,0.04,21.4
2078,34.35,3.8,58.3,46.67,0.24,1017.7,56.8,230.7,4,7,1,3.89,0.0,21,1,94,0,0.01,23.8
2079,35.98,2.7,68.5,33.39,0.68,1009.2,105.8,377.5,37,51,0,3.62,1.1,9,3,74,1,0.28,13.7
2080,33.87,5.8,58.3,32.36,0.19,1015.0,41.6,230.0,5,9,0,4.16,0.0,5,0,88,0,0.1,11.7
2081,35.05,5.2,63.9,50.54,0.97,1003.3,71.2,228.5,61,66,0,4.1,6.8,11,3,88,0,0.05,30.6
2082,36.09,10.1,47.4,31.23,0.51,1003.2,94.6,196.3,32,30,0,3.62,5.3,12,0,79,1,0.4,11.4
2083,33.83,4.9,60.1,32.91,0.3,1015.8,64.8,221.5,9,9,0,3.91,0.0,7,2,88,0,0.07,12.4
2084,34.53,5.6,61.0,35.47,1.0,1012.7,36.7,239.2,75,71,0,3.9,6.9,13,1,96,0,0.11,16.4
2085,41.39,19.4,26.2,15.32,0.15,1004.1,374.7,745.3,0,74,0,3.16,0.5,0,1,12,3,0.92,0.0
2086,31.91,8.8,83.4,22.75,0.4,1005.4,227.2,511.6,3,-15,0,3.47,0.0,19,3,62,2,0.59,3.9
2087,35.12,4.8,58.0,34.41,0.72,1020.1,47.3,237.3,42,47,1,3.98,8.5,12,2,99,0,0.05,14.7
2088,33.95,4.0,63.8,36.11,1.0,1017.0,73.5,221.0,79,84,0,4.07,4.4,16,0,98,0,0.02,17.0
2089,38.49,1.8,40.3,24.1,0.33,1008.1,198.7,490.9,10,4,1,3.31,2.4,14,3,62,2,0.57,5.0
2090,34.93,4.9,64.0,48.48,0.19,1019.9,54.7,212.3,4,8,0,4.01,0.0,3,1,96,0,0.08,25.1
2091,34.74,5.9,55.8,32.2,0.29,1015.1,69.6,210.9,10,9,0,4.01,0.0,5,2,93,0,0.05,11.8
2092,35.06,4.3,57.6,30.48,0.29,1018.3,53.8,222.9,8,10,0,4.04,0.0,1,2,96,0,0.04,10.4
2093,33.88,4.1,64.5,33.28,0.97,1021.8,31.6,225.6,66,61,0,3.82,5.8,8,2,88,0,0.12,14.3
2094,34.53,4.1,57.1,33.39,0.95,1019.5,63.0,227.6,61,60,0,3.9,6.7,15,1,99,0,0.06,14.3
2095,35.08,1.5,74.9,30.23,0.7,1009.6,137.8,362.4,40,33,0,3.79,5.2,11,0,77,1,0.38,10.9
2096,31.9,8.2,36.3,28.07,0.36,1004.9,224.8,502.6,3,27,0,3.36,0.0,2,0,65,2,0.59,8.4
2097,35.15,6.5,57.1,32.66,0.21,1016.6,47.0,237.8,2,1,0,3.95,0.0,7,0,93,0,0.06,12.0
2098,34.02,5.3,60.8,39.66,0.21,1014.7,74.7,235.7,9,5,0,3.8,0.0,0,3,92,0,0.11,17.8
2099,33.01,1.9,69.0,36.37,0.46,1021.8,144.0,319.8,1,13,0,3.61,0.0,5,0,82,1,0.44,15.8
2100,34.23,6.0,60.5,48.18,0.21,1002.9,69.9,214.4,8,3,0,4.14,0.0,18,0,98,0,0.03,24.9
2101,35.07,6.7,59.2,50.03,0.18,1001.2,65.8,222.3,4,5,1,4.04,0.0,19,0,91,0,0.12,26.3
2102,38.34,11.9,88.7,21.79,0.29,1006.0,188.6,420.6,1,21,0,3.33,0.0,21,0,63,2,0.71,3.0
2103,24.61,-13.1,92.4,20.83,0.14,1018.6,271.8,677.4,1,60,0,3.16,0.4,22,1,36,3,0.82,2.2
2104,34.27,3.8,59.8,30.24,0.21,1007.0,48.4,221.0,2,4,0,4.17,0.0,20,3,90,0,0.01,10.0
2105,35.05,3.3,58.5,42.91,0.98,1005.6,34.2,237.0,61,66,0,4.01,0.0,17,3,90,0,0.06,23.4
2106,29.72,4.5,85.1,24.83,0.44,1019.1,193.5,468.4,16,1,0,3.53,2.9,12,1,63,2,0.58,5.7
2107,34.97,6.4,57.2,47.76,1.0,1002.7,66.1,219.3,95,94,0,4.05,6.9,8,2,99,0,0.06,28.1
2108,33.9,2.0,45.7,26.12,0.49,1010.2,94.7,207.5,41,33,0,3.78,5.5,8,3,71,1,0.39,6.9
2109,34.77,5.0,57.2,35.99,0.32,1017.0,62.4,212.5,10,13,0,4.13,0.0,0,0,91,0,0.08,15.1
2110,38.8,16.1,88.2,23.24,0.39,1000.9,185.0,521.9,21,2,0,3.56,1.7,9,0,61,2,0.66,4.3
2111,34.8,3.5,55.3,37.46,0.2,1008.4,74.7,229.4,3,-2,0,3.93,0.0,0,1,99,0,0.08,16.0
2112,36.61,2.9,54.0,36.46,0.71,1017.9,91.3,197.1,3,-12,1,3.82,0.0,18,0,83,1,0.42,16.6
2113,34.01,3.7,63.9,38.72,1.0,1014.6,62.7,229.8,95,93,0,4.11,6.9,8,1,92,0,0.1,19.5
2114,31.45,3.8,80.7,23.69,0.49,1018.4,167.9,538.1,28,35,0,3.51,3.6,10,0,57,2,0.68,4.8
2115,34.2,5.6,62.5,42.54,0.88,1015.4,45.5,212.0,55,58,0,3.84,5.0,16,0,94,0,0.01,22.7
2116,35.04,5.3,65.0,49.65,0.24,1019.4,68.1,210.8,4,3,0,3.99,0.0,18,2,90,0,0.04,26.3
2117,38.27,6.2,84.0,22.0,0.31,1020.2,171.9,524.4,2,14,0,3.31,0.0,21,2,53,2,0.54,3.2
2118,34.29,4.6,62.1,43.46,0.17,1001.4,52.9,230.6,2,3,0,3.87,0.0,4,3,97,0,0.08,20.9
2119,32.67,-0.0,70.4,31.45,0.62,1017.7,137.4,303.1,36,24,0,3.76,2.7,14,3,85,1,0.28,11.8
2120,39.88,15.8,43.0,26.78,0.26,1007.3,161.8,540.5,3,-12,1,3.39,0.0,1,1,45,2,0.71,7.2
2121,34.11,2.8,59.7,43.67,0.17,1008.3,39.6,213.3,6,4,0,4.16,0.0,18,2,89,0,0.09,21.0
2122,42.09,22.1,28.8,18.52,0.07,1003.5,343.0,721.3,7,91,1,3.32,0.2,21,3,21,3,0.95,0.3
2123,36.06,7.5,68.2,32.69,0.54,1012.2,90.5,194.1,50,60,0,3.8,4.7,8,1,74,1,0.27,12.8
2124,33.98,2.8,66.5,40.04,0.2,1010.6,52.2,225.8,4,6,0,3.82,0.0,19,1,98,0,0.12,18.1
2125,35.11,3.6,58.7,34.17,0.8,1002.2,43.9,244.8,54,55,0,4.07,6.4,11,1,96,0,0.07,14.7
2126,35.06,4.8,63.1,44.59,0.24,1020.9,69.8,237.0,5,5,0,4.09,0.0,0,2,94,0,0.02,22.1
2127,34.14,4.5,63.4,38.96,0.27,1021.7,32.5,244.7,7,6,0,4.07,0.0,7,1,92,0,0.06,17.4
2128,34.91,4.0,61.8,45.79,0.26,1016.7,64.3,228.1,8,6,0,3.89,0.0,20,3,97,0,0.07,23.1
2129,32.31,2.3,48.0,25.22,0.53,1016.8,113.5,343.3,60,46,0,3.67,3.1,10,1,76,1,0.3,6.2
2130,35.14,4.2,67.3,45.58,1.0,1001.0,69.5,233.8,76,72,0,4.11,7.9,12,2,96,0,0.01,26.0
2131,32.85,2.4,51.0,28.53,0.54,1007.5,123.7,312.0,2,2,0,3.7,0.0,0,0,71,1,0.39,9.1
2132,32.04,2.6,50.7,33.23,0.58,1014.9,107.9,207.0,2,-8,0,3.72,0.0,3,0,82,1,0.42,13.3
2133,28.18,2.5,36.0,21.8,0.3,1008.4,172.4,485.1,2,-14,0,3.36,0.0,4,2,55,2,0.73,3.0
2134,34.39,3.6,77.0,35.96,0.54,1004.2,136.2,359.9,41,43,0,3.52,2.5,11,3,84,1,0.36,15.6
2135,35.05,3.5,63.2,31.88,1.0,1021.5,69.0,211.0,90,91,0,3.81,8.1,15,3,94,0,0.12,13.0
2136,28.61,5.8,43.2,27.68,0.34,1001.7,169.0,436.8,1,-1,0,3.5,0.0,19,3,68,2,0.55,8.1
2137,41.93,10.9,33.0,17.43,0.1,1010.5,318.9,652.5,11,78,1,3.34,1.5,6,3,33,3,0.93,0.0
2138,37.94,14.2,41.7,22.6,0.42,1011.8,256.5,430.1,3,-12,0,3.36,0.0,7,2,52,2,0.59,3.8
2139,34.78,6.6,58.3,43.85,0.25,1007.5,56.1,236.7,7,3,0,4.18,0.0,5,3,88,0,0.03,21.5
2140,32.57,5.9,48.2,34.37,0.71,1015.8,90.0,324.5,49,61,0,3.73,5.4,12,1,73,1,0.41,14.7
2141,38.67,9.3,85.4,29.22,0.47,1014.7,184.6,478.2,10,20,0,3.48,2.5,11,1,59,2,0.63,9.6
2142,34.63,2.7,64.3,50.24,0.8,1020.6,31.7,213.1,51,55,0,4.15,5.3,10,2,90,0,0.09,29.5
2143,34.75,8.1,75.0,30.59,0.52,1010.0,91.8,191.7,4,-5,1,3.52,0.0,0,0,79,1,0.31,10.9
2144,36.76,9.6,69.7,29.79,0.47,1014.6,125.7,352.2,2,12,0,3.85,0.0,2,1,75,1,0.29,10.1
2145,33.55,3.2,68.3,26.07,0.66,1008.5,149.2,280.6,29,38,0,3.71,2.1,11,1,74,1,0.26,7.1
2146,34.82,5.2,57.5,40.66,0.21,1014.2,66.1,231.0,8,7,0,3.92,0.0,19,3,92,0,0.09,18.7
2147,34.01,3.0,61.8,50.88,0.78,1017.7,34.6,210.3,47,50,0,4.01,8.6,10,0,94,0,0.06,30.0
2148,33.62,2.9,68.1,33.53,0.56,1008.7,119.4,336.2,55,68,0,3.78,2.3,11,0,72,1,0.32,13.6
2149,34.96,6.2,65.2,35.15,0.23,1009.5,43.3,236.7,5,3,0,4.08,0.0,23,3,91,0,0.05,14.1
2150,36.47,10.1,76.9,27.06,0.53,1021.1,117.6,182.2,0,-10,0,3.72,0.0,4,1,80,1,0.26,7.8
2151,35.07,3.3,55.1,40.52,0.24,1009.7,51.3,236.3,2,6,0,3.86,0.0,3,2,93,0,0.02,18.7
2152,34.6,4.1,64.8,39.66,0.23,1013.5,72.1,230.3,10,6,0,3.89,0.0,7,3,91,0,0.06,17.9
2153,34.93,4.5,61.6,39.96,1.0,1007.4,56.8,233.8,81,81,0,4.03,4.9,16,2,99,0,0.04,20.7
2154,29.36,6.1,83.2,21.42,0.38,1011.2,187.8,481.4,10,-5,0,3.43,1.8,13,1,64,2,0.7,2.8
2155,34.49,5.2,66.3,47.91,0.14,1006.4,54.2,244.1,4,1,0,4.15,0.0,18,3,88,0,0.05,24.4
2156,34.25,2.8,59.7,34.93,0.19,1000.5,31.5,235.5,3,7,0,3.96,0.0,3,3,99,0,0.1,13.9
2157,33.19,2.6,45.5,35.08,0.69,1021.9,148.6,303.7,2,15,0,3.83,0.0,4,1,70,1,0.28,15.3
2158,32.58,2.9,68.0,31.06,0.68,1020.5,116.9,342.9,5,5,0,3.75,0.0,5,1,76,1,0.32,11.6
2159,34.46,3.3,57.9,48.6,0.21,1020.3,58.9,228.0,5,6,0,4.05,0.0,7,0,96,0,0.12,25.3
2160,33.4,2.5,51.0,37.62,0.72,1015.1,113.8,320.0,4,17,0,3.51,0.0,0,0,84,1,0.22,17.6
2161,34.01,4.2,61.7,43.67,0.19,1002.9,45.6,223.5,2,2,0,3.96,0.0,22,1,95,0,0.02,21.1
2162,34.92,4.1,59.1,40.13,1.0,1016.4,34.1,240.8,90,93,0,3.99,0.0,17,3,93,0,0.01,20.8
2163,34.84,5.4,59.4,49.15,0.31,1017.1,58.2,215.0,10,8,0,3.97,0.0,22,0,88,0,0.09,26.2
2164,34.15,4.5,69.3,24.39,0.7,1019.1,91.9,304.2,3,13,0,3.83,0.0,1,3,77,1,0.43,5.6
2165,35.17,5.7,64.4,40.55,0.95,1003.2,37.7,213.0,70,66,0,4.06,0.0,17,1,96,0,0.07,21.1
2166,34.41,0.4,48.8,26.79,0.56,1006.4,145.7,183.7,48,38,0,3.64,5.7,13,2,81,1,0.32,7.6
2167,35.53,4.0,47.9,36.44,0.58,1017.3,91.5,374.3,60,66,0,3.62,1.1,11,3,80,1,0.21,16.2
2168,34.56,6.5,59.2,40.66,0.79,1004.9,44.6,225.7,53,53,0,3.98,0.0,17,0,96,0,0.03,20.6
2169,32.41,3.7,72.7,29.31,0.59,1006.8,146.7,197.4,0,-3,1,3.77,0.0,3,0,72,1,0.41,9.9
2170,34.71,6.1,55.2,30.93,0.93,1013.0,42.4,233.2,62,57,0,4.01,3.7,12,3,97,0,0.08,12.0
2171,39.39,2.7,38.5,24.37,0.34,1003.4,220.7,463.1,1,2,0,3.57,0.0,0,3,46,2,0.7,5.3
2172,34.1,4.7,58.8,46.97,0.28,1016.8,36.3,215.8,7,7,0,3.81,0.0,20,3,91,0,0.09,24.2
2173,34.71,3.1,66.3,45.45,1.0,1015.0,57.6,239.0,66,67,0,3.82,3.7,9,1,97,0,0.05,25.9
2174,36.19,5.7,52.8,28.43,0.53,1010.0,120.3,194.9,1,12,0,3.63,0.0,0,2,71,1,0.38,9.0
2175,34.95,5.5,67.4,51.1,1.0,1000.6,52.5,214.0,65,66,0,4.14,4.8,14,1,92,0,0.08,31.3
2176,33.94,4.3,58.3,39.66,0.16,1010.0,41.7,224.3,4,4,0,3.88,0.0,5,0,95,0,0.02,17.7
2177,32.78,5.8,53.0,28.33,0.53,1019.7,108.1,354.6,57,72,1,3.52,3.8,12,1,84,1,0.33,8.9
2178,34.27,5.9,61.4,38.42,0.25,1008.0,72.0,211.3,6,3,0,4.12,0.0,20,1,95,0,0.09,16.9
2179,33.95,5.0,57.4,33.16,0.35,1013.8,41.8,243.9,10,15,0,4.03,0.0,1,2,93,0,0.09,12.8
2180,39.86,6.1,80.8,26.03,0.45,1005.5,210.6,536.0,1,-18,0,3.43,0.0,18,0,55,2,0.64,6.8
2181,32.01,3.2,47.5,35.15,0.57,1007.2,128.9,306.2,2,-13,0,3.62,0.0,5,3,80,1,0.27,15.0
2182,35.12,3.4,64.4,48.99,0.81,1018.9,67.4,217.3,56,52,0,3.8,0.0,17,1,92,0,0.08,28.4
2183,36.16,7.1,71.7,36.28,0.7,1002.9,143.7,181.9,2,7,0,3.65,0.0,20,2,74,1,0.32,16.4
2184,33.02,4.7,69.1,27.41,0.69,1019.2,135.9,327.0,3,-5,0,3.66,0.0,1,1,84,1,0.38,8.3
2185,34.98,6.2,64.9,46.56,1.0,1009.7,54.2,225.6,85,87,0,4.02,5.0,10,0,89,0,0.08,26.9
2186,35.01,4.4,64.5,51.21,0.2,1003.0,69.8,224.3,6,10,0,3.89,0.0,20,3,95,0,0.08,27.4
2187,34.36,4.3,66.7,39.9,0.15,1002.5,62.0,217.2,3,5,0,3.82,0.0,5,0,98,0,0.03,17.8
2188,35.19,1.6,45.9,27.49,0.49,999.7,86.0,308.0,0,-10,1,3.54,0.0,3,2,81,1,0.35,8.1
2189,35.21,7.3,72.8,28.45,0.67,1007.1,144.1,304.6,25,37,1,3.63,3.1,11,2,75,1,0.33,9.2
2190,35.13,6.7,60.3,48.98,0.19,1016.8,74.5,216.1,4,3,0,3.85,0.0,1,2,93,0,0.11,25.5
2191,40.37,4.2,86.7,20.65,0.38,1009.9,184.5,426.0,3,-9,1,3.4,0.0,22,1,64,2,0.61,2.1
2192,34.79,2.9,66.5,37.78,0.33,1003.1,32.9,229.8,9,14,0,3.95,0.0,20,0,88,0,0.11,16.6
2193,34.67,7.1,53.4,24.75,0.64,998.2,92.4,375.4,50,41,0,3.82,0.0,17,0,70,1,0.39,5.9
2194,31.16,0.8,79.9,29.36,0.37,1010.8,239.6,487.5,1,22,0,3.4,0.0,4,0,64,2,0.66,9.5
2195,34.04,5.0,58.0,43.11,0.8,1000.7,35.3,221.6,51,48,0,4.02,7.2,16,1,93,0,0.03,22.9
2196,35.13,4.9,66.6,44.1,0.21,999.4,52.0,240.9,6,4,0,3.92,0.0,18,1,95,0,0.08,21.5
2197,33.29,3.0,72.0,37.69,0.63,1006.7,149.2,187.3,2,-2,0,3.6,0.0,20,1,77,1,0.43,17.4
2198,36.65,9.1,45.5,25.09,0.51,1003.7,97.2,294.5,5,18,0,3.71,0.0,0,3,79,1,0.33,6.0
2199,34.17,2.3,56.5,44.9,0.79,1017.4,33.8,224.2,45,49,0,3.92,3.5,11,3,90,0,0.11,24.5
2200,32.99,3.2,51.7,25.64,0.48,1014.6,93.5,363.8,34,26,1,3.69,1.8,12,0,72,1,0.23,6.5
2201,35.09,5.4,58.3,42.19,0.22,1008.6,45.1,213.9,7,2,0,3.8,0.0,3,2,93,0,0.1,20.0
2202,34.38,3.2,57.9,37.95,0.21,1021.3,56.9,213.0,8,6,0,4.16,0.0,7,2,90,0,0.03,16.4
2203,24.49,-6.5,25.2,20.19,0.12,1002.6,314.2,588.6,3,76,1,3.23,1.2,12,3,14,3,0.85,1.6
2204,39.16,7.7,41.2,23.16,0.37,1015.1,227.8,468.7,3,-10,0,3.49,0.0,4,3,61,2,0.73,4.2
2205,35.16,3.3,59.1,45.91,0.79,1008.6,73.1,213.3,56,53,0,4.11,5.2,12,1,92,0,0.05,25.5
2206,35.09,4.5,61.1,49.61,0.16,1011.0,67.9,235.0,3,7,0,4.03,0.0,2,1,93,0,0.04,25.9
2207,33.81,3.1,56.6,49.42,1.0,1008.8,74.1,213.2,71,72,1,3.84,7.1,15,0,89,0,0.01,29.7
2208,38.83,15.8,35.8,25.87,0.34,1016.6,176.2,551.3,15,25,0,3.38,0.0,17,1,63,2,0.49,6.5
2209,33.98,4.9,60.2,48.04,0.25,1014.5,32.6,241.3,9,12,0,3.85,0.0,20,2,91,0,0.11,25.0
2210,31.99,-1.9,81.2,21.46,0.31,1017.1,199.6,481.1,13,26,0,3.49,3.6,9,0,49,2,0.72,2.8
2211,34.11,2.7,65.5,45.44,0.77,1009.9,72.4,238.3,46,51,0,4.15,5.8,13,2,89,0,0.05,24.9
2212,34.87,3.4,58.0,47.44,0.84,1009.4,72.6,236.3,57,61,0,3.92,8.0,13,2,99,0,0.02,27.1
2213,41.23,6.1,95.1,20.63,0.14,1005.7,306.3,574.2,10,31,0,3.02,1.0,20,0,38,3,0.87,2.0
2214,34.58,5.6,65.0,37.1,0.25,1004.4,40.2,210.5,3,8,0,3.91,0.0,23,3,95,0,0.04,15.8
2215,42.64,7.1,91.5,17.51,0.11,1017.1,360.4,557.9,10,84,0,3.13,0.5,7,2,38,3,0.91,0.0
2216,33.81,4.4,62.3,41.4,1.0,1011.6,51.3,212.9,87,83,0,4.06,5.0,10,0,97,0,0.01,22.0
2217,34.29,3.8,67.0,46.06,0.86,1002.1,36.9,212.4,57,59,0,3.95,4.6,10,2,97,0,0.11,25.9
2218,25.58,-10.8,25.3,15.24,0.13,999.3,373.5,716.4,10,78,0,3.31,0.1,2,3,35,3,0.98,0.0
2219,33.97,5.3,67.5,43.26,1.0,1007.4,67.0,226.1,77,77,0,4.11,4.4,16,1,89,0,0.04,23.8
2220,34.95,3.8,64.2,32.71,1.0,1009.9,39.6,239.8,88,89,0,3.84,8.8,15,1,92,0,0.02,13.8
2221,34.08,5.4,63.5,49.98,0.17,1008.5,40.5,227.2,6,3,0,4.07,0.0,22,3,92,0,0.01,26.2
2222,34.32,5.4,61.6,37.53,0.25,1018.9,32.9,234.8,6,3,0,4.18,0.0,7,3,93,0,0.02,16.2
2223,38.26,12.7,41.2,22.95,0.45,1015.3,209.2,505.1,1,6,0,3.44,0.0,20,0,49,2,0.57,4.1
2224,40.68,19.7,25.8,15.68,0.09,1018.8,318.1,573.5,10,39,1,3.17,0.4,3,3,33,3,0.97,0.0
2225,42.53,3.0,32.9,15.27,0.2,1018.6,295.6,582.1,11,46,0,3.2,1.6,12,2,22,3,0.88,0.0
2226,42.3,13.0,92.7,17.93,0.12,1020.7,395.1,607.2,0,75,0,3.17,0.3,15,0,15,3,0.83,0.0
2227,34.71,5.6,61.7,31.49,0.79,1012.4,57.8,238.3,53,55,0,4.15,0.0,17,1,92,0,0.1,12.2
2228,34.08,5.0,63.3,41.96,1.0,1002.1,74.3,225.3,87,85,0,3.97,0.0,17,1,97,0,0.08,22.6
2229,34.42,3.7,61.3,37.08,0.87,1016.7,74.3,210.5,54,54,0,4.12,8.5,11,2,89,0,0.07,17.6
2230,34.84,4.9,61.7,36.17,0.22,1006.5,44.5,238.2,4,7,0,4.09,0.0,0,1,96,0,0.12,15.0
2231,23.77,-5.0,94.8,19.4,0.11,1016.4,412.1,599.8,0,87,1,3.31,0.1,14,0,34,3,0.96,1.0
2232,34.9,3.5,55.9,37.31,0.24,1004.1,49.4,213.3,3,7,1,3.89,0.0,7,0,89,0,0.03,16.0
2233,34.67,3.1,67.6,43.88,0.26,1004.9,30.4,243.2,9,13,0,4.11,0.0,1,1,88,0,0.07,21.5
2234,34.0,5.8,56.3,32.79,1.0,1008.2,38.2,219.5,84,83,0,3.98,4.3,11,1,93,0,0.11,13.9
2235,34.65,4.1,59.4,43.99,0.99,1009.4,70.1,223.5,68,72,0,4.17,8.5,10,1,88,0,0.09,24.5
2236,31.9,2.8,88.1,28.6,0.48,1021.9,213.7,499.6,3,17,0,3.38,0.0,21,0,67,2,0.6,9.1
2237,29.18,7.0,88.7,29.74,0.48,1016.9,186.0,549.7,2,-13,0,3.5,0.0,22,0,53,2,0.59,10.1
2238,35.1,6.0,50.4,27.14,0.52,1009.5,123.8,372.5,0,-13,0,3.61,0.0,1,0,71,1,0.21,7.8
2239,37.95,6.0,81.4,28.89,0.26,1007.2,185.7,556.7,0,-18,0,3.42,0.0,18,0,53,2,0.71,9.0
2240,34.57,0.9,69.7,25.99,0.53,1010.7,111.4,369.5,4,8,0,3.61,0.0,6,2,72,1,0.31,6.9
2241,35.54,4.7,73.1,26.48,0.63,1005.4,96.1,203.8,3,-1,1,3.74,0.0,22,3,80,1,0.29,7.4
2242,27.03,-9.9,32.0,17.37,0.19,1017.6,308.5,695.3,10,65,0,3.34,1.3,3,2,38,3,0.96,0.0
2243,36.29,7.3,46.4,29.07,0.71,1008.1,101.1,192.1,0,-10,1,3.68,0.0,20,0,78,1,0.43,9.9
2244,34.23,3.5,67.2,49.07,1.0,1004.7,54.4,216.5,89,85,0,4.13,7.0,11,1,99,0,0.04,29.3
2245,34.2,1.4,53.8,36.73,0.61,1018.7,91.0,207.5,39,40,0,3.81,3.9,15,1,80,1,0.28,16.5
2246,35.16,4.0,62.5,40.88,1.0,1008.0,59.0,220.1,87,90,0,4.09,6.1,8,3,98,0,0.08,21.5
2247,22.27,-7.1,94.9,14.86,0.07,1020.8,322.6,679.5,8,88,0,3.16,0.9,8,3,25,3,0.94,0.0
2248,34.64,3.2,66.6,42.69,0.21,1018.3,37.4,239.4,4,4,0,3.97,0.0,1,0,95,0,0.11,20.4
2249,35.0,5.1,59.1,39.59,1.0,1013.9,35.3,232.0,94,99,0,4.08,7.1,16,2,94,0,0.1,20.3
2250,34.47,3.7,65.7,48.61,1.0,1006.6,35.0,211.2,91,93,0,3.85,5.5,8,3,88,0,0.11,28.9
2251,32.17,3.3,50.6,29.18,0.72,1015.6,125.5,193.7,40,29,0,3.59,5.5,9,2,78,1,0.43,10.0
2252,34.97,3.2,64.8,51.37,0.18,1016.7,48.5,218.5,7,6,0,3.93,0.0,22,3,93,0,0.12,27.4
2253,35.1,4.9,61.1,38.56,0.2,1021.8,53.8,234.7,4,6,0,4.01,0.0,21,3,99,0,0.02,16.9
2254,29.64,4.5,84.7,26.81,0.33,1006.6,163.1,509.1,3,10,0,3.49,0.0,5,3,54,2,0.69,7.3
2255,33.91,4.8,71.5,25.95,0.58,1020.7,116.1,194.0,4,-3,0,3.6,0.0,1,3,73,1,0.45,6.9
2256,34.97,6.4,61.1,32.18,0.9,999.3,37.8,231.3,62,57,0,4.03,6.4,13,2,96,0,0.06,13.1
2257,33.89,2.5,57.8,34.59,0.18,1002.2,68.2,220.8,2,-1,0,3.87,0.0,21,0,97,0,0.12,13.6
2258,33.81,5.5,64.1,32.59,1.0,1000.6,60.3,232.4,79,83,0,4.12,5.8,8,2,91,0,0.04,13.7
2259,41.16,0.3,30.3,19.67,0.19,1021.6,284.4,568.9,2,33,0,3.32,2.0,4,3,31,3,0.98,1.2
2260,33.22,4.1,77.5,29.0,0.68,1009.4,103.9,347.6,5,5,0,3.85,0.0,21,3,79,1,0.42,9.7
2261,34.57,5.0,65.1,49.23,1.0,1006.6,32.4,218.5,92,89,0,4.1,9.0,15,1,89,0,0.07,29.5
2262,34.39,4.6,63.0,36.72,1.0,1015.0,36.6,240.2,81,86,0,4.06,4.3,10,2,99,0,0.11,17.6
2263,36.22,2.8,76.3,30.11,0.49,1000.0,140.9,297.1,4,19,0,3.59,0.0,18,1,82,1,0.4,10.4
2264,34.79,6.6,66.1,36.9,1.0,998.4,37.4,223.2,79,80,0,4.08,6.2,9,0,96,0,0.02,17.8
2265,35.05,4.9,61.0,47.31,0.19,1000.4,34.6,212.4,6,4,0,4.15,0.0,0,2,95,0,0.06,24.1
2266,34.3,2.9,55.4,31.75,0.26,1020.9,56.2,223.0,3,8,0,3.99,0.0,19,3,95,0,0.05,11.4
2267,34.77,2.8,64.4,42.48,0.22,998.2,62.2,244.5,9,8,0,3.94,0.0,2,1,95,0,0.11,20.2
2268,34.1,4.4,65.8,48.51,0.19,999.8,51.6,232.2,2,-2,0,4.13,0.0,3,3,90,0,0.04,25.1
2269,30.9,3.9,35.1,23.35,0.46,1000.0,160.0,430.8,21,25,0,3.58,0.0,17,1,65,2,0.49,4.5
2270,34.81,3.8,65.8,45.65,1.0,1020.1,67.3,212.9,93,96,0,4.16,5.4,8,1,93,0,0.02,26.1
2271,34.26,2.9,67.6,48.27,0.18,1017.1,70.2,242.2,8,3,0,4.1,0.0,22,0,99,0,0.1,24.9
2272,34.0,3.3,47.3,28.9,0.68,1004.3,117.7,191.3,40,40,0,3.61,5.3,15,3,82,1,0.39,9.7
2273,35.75,9.4,48.0,30.99,0.66,1021.1,101.8,331.8,3,12,0,3.7,0.0,23,3,82,1,0.4,11.5
2274,34.74,5.6,66.2,38.83,0.28,1005.0,45.9,227.2,10,7,0,4.16,0.0,0,0,92,0,0.11,17.4
2275,35.0,1.2,51.9,24.85,0.54,1019.2,133.7,342.9,53,55,1,3.61,1.6,9,2,83,1,0.31,5.9
2276,38.55,6.0,80.8,22.95,0.47,999.1,201.1,498.9,21,8,0,3.43,1.8,13,2,59,2,0.63,4.1
2277,29.44,-5.1,85.4,23.91,0.43,1005.7,182.6,524.8,30,39,0,3.39,0.0,17,0,59,2,0.51,4.9
2278,33.91,4.8,65.8,49.37,0.16,1006.8,50.6,236.5,3,6,0,3.98,0.0,0,3,96,0,0.04,25.7
2279,34.68,4.4,67.0,32.89,0.96,1000.8,51.7,211.6,67,69,0,4.1,4.5,14,3,92,0,0.09,13.9
2280,22.91,-12.0,91.6,15.37,0.21,1000.5,296.5,633.6,7,58,0,3.34,1.6,6,0,28,3,0.79,0.0
2281,34.62,5.2,58.5,46.16,0.28,1007.7,42.9,226.3,8,12,0,3.81,0.0,21,0,90,0,0.03,23.5
2282,34.38,3.5,64.7,40.8,0.22,1015.6,68.7,228.9,4,4,0,4.12,0.0,4,0,90,0,0.11,18.8
2283,34.12,4.5,59.8,37.0,1.0,1017.3,45.2,222.3,79,75,0,4.09,5.9,12,1,97,0,0.06,17.9
2284,41.46,20.5,26.2,17.42,0.21,1011.2,324.0,775.6,6,95,0,3.22,0.4,11,3,23,3,0.95,0.0
2285,32.09,-1.0,76.0,31.82,0.7,1016.1,115.1,375.9,5,17,0,3.69,0.0,0,3,79,1,0.25,12.3
2286,34.25,2.9,58.8,35.09,0.19,1015.1,42.9,243.6,5,9,1,3.96,0.0,1,0,93,0,0.03,14.0
2287,30.26,-4.8,37.2,24.67,0.4,999.4,197.3,531.6,2,0,1,3.55,0.0,0,3,62,2,0.57,5.6
2288,34.72,3.1,62.5,32.5,0.82,1000.8,37.2,225.9,56,56,0,4.09,5.3,15,0,88,0,0.08,13.2
2289,29.93,2.4,39.6,20.24,0.29,1003.4,160.0,459.6,3,2,1,3.4,0.0,19,2,50,2,0.48,1.7
2290,36.62,10.5,71.2,30.55,0.47,1006.7,109.0,298.9,1,-6,0,3.68,0.0,0,2,81,1,0.37,10.8
2291,37.31,-0.3,86.2,29.36,0.25,999.6,242.2,434.3,0,25,0,3.58,0.0,6,0,68,2,0.74,9.3
2292,34.88,6.7,61.1,42.36,1.0,1020.5,61.5,215.1,89,90,0,3.97,6.3,13,1,91,0,0.1,23.0
2293,34.09,4.2,55.6,47.85,0.21,1012.6,74.0,222.8,5,6,0,4.12,0.0,21,2,91,0,0.1,24.7
2294,34.24,5.9,67.9,42.73,1.0,1005.3,33.1,217.8,67,68,0,3.88,5.9,9,0,91,0,0.08,23.3
2295,34.86,4.6,48.4,28.47,0.48,1012.8,112.3,191.0,4,7,0,3.75,0.0,23,2,73,1,0.4,9.0
2296,37.84,9.6,78.5,28.13,0.42,1016.4,179.8,459.4,1,-4,0,3.53,0.0,18,3,63,2,0.51,8.6
2297,35.43,9.1,68.2,30.1,0.55,1001.8,85.4,187.4,54,68,0,3.66,5.1,10,0,82,1,0.36,10.5
2298,34.91,4.4,46.8,31.42,0.68,998.7,117.7,377.1,51,42,0,3.84,1.7,10,3,71,1,0.25,11.9
2299,34.5,3.1,63.2,32.29,0.24,1007.7,51.0,213.5,8,5,0,4.13,0.0,19,1,94,0,0.08,11.8
2300,34.71,4.8,66.4,38.32,0.66,999.1,54.5,230.1,40,35,0,4.1,7.2,16,1,90,0,0.07,18.1
2301,34.56,4.2,58.5,47.08,0.29,1016.9,44.5,242.5,8,11,0,3.86,0.0,23,1,98,0,0.04,24.4
2302,33.97,3.8,62.2,42.01,0.24,999.1,53.9,219.3,2,6,0,3.9,0.0,19,3,95,0,0.11,19.9
2303,34.38,3.6,65.3,32.98,1.0,1015.9,54.3,242.1,69,74,0,3.83,9.0,8,1,94,0,0.09,14.0
2304,35.09,3.4,62.9,44.09,0.88,1013.4,56.0,232.2,59,57,0,3.8,7.4,13,2,90,0,0.06,24.1
2305,33.98,3.5,64.6,51.84,0.61,1008.6,69.4,228.5,41,40,0,3.92,6.5,10,1,91,0,0.08,30.0
2306,34.03,4.0,67.6,35.94,0.24,1011.1,67.8,233.4,8,5,0,4.07,0.0,22,0,89,0,0.04,14.8
2307,32.19,2.7,50.5,36.75,0.59,1005.1,111.6,332.8,20,34,0,3.64,5.5,14,1,80,1,0.39,16.5
2308,34.66,5.1,61.3,32.75,0.98,1002.2,59.8,239.5,61,66,0,3.91,4.9,12,1,94,0,0.07,13.8
2309,27.9,-1.1,92.9,20.92,0.09,1010.9,276.6,703.2,1,70,1,3.06,1.4,5,0,29,3,0.97,2.2
2310,35.86,2.0,51.0,27.54,0.63,999.4,124.4,295.5,5,18,0,3.57,0.0,6,1,83,1,0.3,8.4
2311,34.18,4.7,62.2,50.37,1.0,1013.5,55.2,220.9,71,76,0,4.02,5.8,11,3,98,0,0.06,30.6
2312,32.71,3.3,76.6,27.99,0.66,1006.5,140.6,181.1,3,-10,0,3.8,0.0,1,0,73,1,0.2,8.8
2313,35.12,3.7,67.2,49.12,0.32,1013.6,41.2,211.9,9,12,0,4.08,0.0,21,2,92,0,0.06,26.2
2314,31.29,-6.6,85.3,29.31,0.3,1007.0,215.0,490.9,3,26,0,3.59,0.0,5,0,58,2,0.52,9.4
2315,34.43,4.8,63.2,47.9,0.63,1002.2,60.5,224.1,44,40,0,3.9,7.0,12,0,88,0,0.05,26.6
2316,29.24,-6.4,81.4,26.86,0.34,999.9,227.1,467.4,18,41,0,3.59,1.5,14,3,66,2,0.72,7.4
2317,34.32,5.6,62.4,45.87,1.0,1004.2,45.9,235.1,75,78,0,4.14,6.2,13,0,99,0,0.04,26.3
2318,31.16,-6.3,86.6,23.99,0.49,1001.2,251.7,526.8,0,-14,0,3.31,0.0,2,2,65,2,0.66,5.1
2319,33.42,5.0,47.0,33.51,0.59,1018.6,135.4,197.8,39,35,0,3.82,4.5,15,3,71,1,0.38,13.6
2320,34.69,5.1,64.9,47.32,1.0,1013.1,62.4,242.0,70,67,0,3.88,7.8,15,3,88,0,0.02,27.7
2321,34.64,6.1,60.7,42.74,0.23,1006.5,43.1,244.5,10,7,0,3.9,0.0,21,0,96,0,0.02,20.5
2322,27.52,1.7,27.6,17.29,0.15,1021.7,358.8,550.4,10,76,1,3.27,1.7,11,3,19,3,0.93,0.0
2323,42.98,9.6,89.6,17.6,0.05,1005.0,309.8,562.9,7,33,0,3.08,1.9,12,2,22,3,0.83,0.0
2324,34.9,6.2,66.9,34.6,1.0,1005.4,68.6,231.7,87,89,0,3.86,4.4,10,3,89,0,0.08,15.6
2325,23.92,-16.9,92.0,18.45,0.13,1015.3,353.0,684.2,12,89,0,3.13,0.1,4,0,23,3,0.79,0.2
2326,23.3,-13.0,89.4,14.91,0.11,999.0,308.3,701.1,12,55,1,3.34,1.0,20,3,20,3,0.89,0.0
2327,35.09,5.9,61.5,43.65,1.0,1004.7,59.9,215.7,81,79,0,3.87,6.6,16,1,96,0,0.02,24.2
2328,41.63,1.2,30.1,14.7,0.19,1008.7,349.1,641.9,2,32,1,3.11,1.4,3,1,27,3,0.84,0.0
2329,23.99,-9.6,95.7,14.5,0.16,1008.2,280.6,698.9,9,59,0,3.29,0.7,17,3,14,3,0.86,0.0
2330,34.68,4.0,56.9,40.97,0.15,1016.1,66.1,238.1,2,-1,0,4.09,0.0,3,3,96,0,0.05,18.7
2331,33.68,6.3,53.5,25.34,0.64,1011.4,99.8,181.6,46,37,0,3.58,3.5,14,0,76,1,0.42,6.4
2332,36.44,4.3,74.8,32.55,0.54,1003.0,136.6,185.4,4,10,1,3.76,0.0,20,1,78,1,0.29,12.6
2333,29.3,-8.2,86.1,26.09,0.45,1011.8,191.0,511.1,13,34,0,3.48,2.5,15,1,55,2,0.66,6.8
2334,34.17,3.7,57.6,39.83,0.23,1010.7,42.5,243.8,4,6,0,3.97,0.0,20,3,98,0,0.11,18.1
2335,34.74,5.3,66.6,50.63,0.12,1000.5,37.0,213.1,3,-2,0,3.97,0.0,0,3,95,0,0.12,26.5
2336,35.13,4.0,56.0,38.28,0.99,998.0,48.4,224.1,69,74,0,3.93,7.4,8,2,88,0,0.04,19.0
2337,33.64,6.9,71.0,34.44,0.69,999.4,109.1,205.4,3,-1,0,3.71,0.0,5,3,79,1,0.32,14.7
2338,34.66,3.9,65.3,43.46,0.16,1013.3,66.1,215.3,5,0,0,4.09,0.0,0,3,92,0,0.03,20.8
2339,38.17,15.1,43.1,22.04,0.47,1019.4,182.0,536.9,5,5,0,3.46,0.5,13,0,61,2,0.61,3.3
2340,33.89,2.5,62.5,40.54,1.0,1009.0,59.2,213.9,95,90,0,3.95,5.7,13,1,94,0,0.02,21.2
2341,33.97,2.3,63.5,43.39,1.0,1007.3,55.8,239.9,70,72,0,4.02,5.1,10,0,97,0,0.06,23.9
2342,34.39,3.0,55.9,30.4,0.28,1010.9,36.7,231.2,10,8,0,4.0,0.0,1,3,95,0,0.09,10.3
2343,34.1,6.1,59.5,45.1,1.0,1016.7,48.1,228.6,65,68,0,3.9,6.3,16,1,91,0,0.11,25.6
2344,34.25,3.4,61.3,47.87,0.12,1000.1,45.0,244.6,2,-2,0,4.16,0.0,1,3,90,0,0.05,24.3
2345,34.82,4.2,67.6,50.84,1.0,1008.8,42.5,228.7,74,71,0,4.16,7.0,10,3,89,0,0.1,31.0
2346,34.19,2.7,63.3,38.22,1.0,1017.9,59.9,237.4,82,78,0,3.98,6.5,13,2,89,0,0.1,19.0
2347,34.82,5.8,64.2,36.07,0.14,1016.5,47.2,230.3,2,-3,0,3.96,0.0,2,2,97,0,0.04,14.7
2348,34.65,6.0,57.9,49.51,0.35,1017.0,41.5,215.4,10,14,0,4.17,0.0,21,0,98,0,0.08,26.7
2349,34.5,4.8,67.9,31.6,1.0,1015.3,73.1,211.7,67,70,0,4.13,0.0,17,0,98,0,0.06,12.7
2350,34.45,2.6,57.0,49.55,0.18,1011.3,57.4,215.7,2,3,0,3.81,0.0,3,0,99,0,0.09,25.9
2351,34.71,3.2,61.3,33.89,0.96,1000.2,60.8,244.1,60,62,0,3.82,4.0,8,0,96,0,0.02,14.8
2352,34.01,5.3,59.0,44.2,0.93,1006.7,43.7,242.5,66,65,0,4.17,5.4,11,3,91,0,0.07,24.4
2353,33.99,4.8,66.2,39.75,0.21,1014.3,48.2,217.4,4,1,0,3.98,0.0,19,0,97,0,0.07,17.9
2354,34.72,4.8,59.7,41.84,0.82,1012.4,46.7,216.9,57,56,0,4.04,4.1,13,1,93,0,0.04,21.8
2355,30.49,3.4,38.3,24.71,0.25,1002.0,196.8,556.7,1,-6,0,3.48,0.0,3,2,59,2,0.55,5.5
2356,35.44,7.8,70.3,34.39,0.66,1003.3,130.4,300.5,42,52,0,3.61,3.2,10,1,85,1,0.34,14.6
2357,34.16,5.6,64.0,47.2,0.14,1007.1,64.7,235.2,2,1,0,3.82,0.0,0,0,96,0,0.1,23.8
2358,34.85,6.8,62.5,49.29,0.63,999.5,69.0,236.2,41,42,0,4.13,8.7,11,2,94,0,0.09,27.8
2359,28.57,-9.2,85.8,28.49,0.27,1003.2,168.3,477.2,19,22,0,3.56,2.7,11,1,45,2,0.6,8.6
2360,40.28,9.7,88.2,26.97,0.36,998.2,235.7,539.2,22,34,0,3.33,4.0,9,0,63,2,0.75,7.5
2361,34.06,4.3,67.2,44.4,0.21,1015.9,54.8,244.9,4,1,0,4.13,0.0,0,2,93,0,0.05,21.8
2362,33.87,2.5,48.0,24.17,0.71,1017.2,95.3,318.3,1,-10,0,3.77,0.0,6,3,78,1,0.39,5.4
2363,34.52,5.1,60.8,50.15,0.21,998.9,55.2,240.9,8,3,0,4.05,0.0,4,3,92,0,0.08,26.6
2364,34.01,5.0,56.8,30.32,1.0,1013.6,47.2,244.1,73,74,0,3.94,6.2,12,1,88,0,0.1,11.5
2365,34.64,5.9,63.5,43.78,0.22,1010.7,59.3,224.5,4,4,0,3.91,0.0,20,0,93,0,0.03,21.3
2366,36.53,4.9,51.8,36.38,0.45,998.6,118.7,283.1,0,-13,1,3.71,0.0,19,0,76,1,0.24,15.8
2367,34.27,3.5,62.3,34.61,1.0,1021.8,52.8,219.1,89,88,0,3.84,4.6,13,0,99,0,0.06,15.6
2368,37.78,10.5,41.4,22.33,0.47,1016.5,167.6,549.1,6,5,0,3.31,2.6,13,1,60,2,0.61,3.6
2369,34.58,2.7,62.2,36.14,1.0,1006.6,73.2,212.3,73,75,0,4.16,8.4,16,2,90,0,0.02,17.0
2370,33.81,3.8,55.7,41.61,0.19,1005.6,60.9,213.7,3,5,0,3.92,0.0,22,3,90,0,0.09,19.4
2371,39.14,16.9,82.6,21.3,0.36,1006.3,162.4,456.6,17,19,0,3.33,0.0,17,0,48,2,0.72,2.6
2372,35.06,6.2,55.9,34.96,0.25,1008.8,57.1,239.4,7,3,0,3.87,0.0,3,0,89,0,0.08,14.0
2373,34.59,5.7,66.5,31.64,0.24,1007.7,69.9,213.2,6,1,0,4.03,0.0,1,1,99,0,0.02,11.2
2374,34.49,5.6,55.5,51.03,1.0,1021.1,63.4,222.8,84,88,0,4.14,7.3,14,3,93,0,0.11,31.2
2375,34.36,3.7,57.4,48.55,0.68,1017.4,35.9,244.1,42,41,0,3.85,4.8,11,0,93,0,0.11,27.4
2376,34.72,5.3,55.4,48.37,1.0,1013.2,47.8,217.1,95,99,0,4.17,6.1,10,0,91,0,0.02,28.7
2377,34.13,6.0,55.6,40.57,1.0,1011.3,65.8,217.9,73,73,0,4.02,8.3,13,3,88,0,0.01,21.3
2378,34.33,4.0,59.7,44.26,0.24,1016.4,34.2,220.9,10,8,0,4.17,0.0,3,3,91,0,0.1,21.8
2379,34.75,6.8,64.3,33.55,0.87,1007.0,43.1,240.1,58,63,0,4.05,6.8,11,2,90,0,0.03,14.3
2380,34.63,4.8,48.7,30.39,0.54,1006.5,86.0,205.5,42,28,0,3.76,5.6,11,0,84,1,0.3,10.7
2381,35.04,3.5,63.4,50.81,0.36,1018.9,59.8,233.6,10,15,0,4.06,0.0,0,2,96,0,0.05,27.8
2382,32.79,0.8,68.0,24.42,0.51,1000.1,139.9,209.4,25,38,0,3.62,0.0,17,3,82,1,0.27,5.5
2383,35.41,8.2,46.0,24.9,0.53,1012.8,143.9,208.1,41,32,0,3.62,5.8,9,1,71,1,0.44,5.9
2384,33.68,3.2,77.7,25.95,0.52,1020.6,112.6,184.1,3,10,0,3.53,0.0,0,3,70,1,0.44,6.8
2385,34.53,5.8,58.4,48.39,0.65,1002.1,49.4,220.4,42,39,0,3.84,3.8,8,2,90,0,0.06,27.1
2386,32.39,1.5,68.9,28.19,0.47,1006.4,112.4,196.4,56,52,0,3.74,1.5,10,1,84,1,0.26,8.7
2387,34.58,5.9,60.8,46.34,1.0,1012.0,57.6,217.4,94,98,0,3.81,0.0,17,2,96,0,0.11,26.7
2388,33.95,2.7,65.6,36.11,0.22,1007.2,65.2,243.0,6,7,0,3.98,0.0,20,2,96,0,0.04,14.9
2389,35.09,4.8,55.8,47.47,0.91,1002.1,60.6,232.7,59,57,0,4.01,5.5,10,0,97,0,0.11,27.4
2390,34.53,3.0,63.2,44.88,0.82,1011.0,64.4,213.7,55,58,0,3.85,4.9,13,0,98,0,0.11,24.6
2391,31.05,5.9,87.2,21.86,0.46,1021.3,239.2,494.1,29,31,0,3.53,3.6,13,2,55,2,0.71,3.2
2392,38.89,14.9,37.0,26.37,0.37,998.4,250.1,460.5,8,15,0,3.34,2.9,15,1,65,2,0.5,7.0
2393,37.12,11.1,83.3,22.77,0.46,1008.9,257.2,526.3,2,27,0,3.6,0.0,0,3,54,2,0.51,4.0
2394,34.7,3.8,58.2,39.09,0.89,1003.4,64.7,242.4,60,60,0,4.15,6.9,13,3,90,0,0.07,19.5
2395,35.15,3.4,67.3,44.67,0.17,1004.4,52.0,211.5,3,7,0,4.09,0.0,22,3,89,0,0.09,21.9
2396,33.83,4.1,60.8,47.16,0.22,1020.4,53.3,240.0,4,8,0,4.01,0.0,21,1,99,0,0.08,24.1
2397,34.46,6.2,55.1,46.49,0.21,1021.3,60.6,216.5,5,6,0,3.88,0.0,23,0,88,0,0.04,23.5
2398,33.91,5.8,59.5,46.49,1.0,1002.9,60.3,235.1,91,92,0,3.84,9.0,16,2,90,0,0.06,26.9
2399,39.57,9.1,81.1,28.71,0.36,1012.2,256.4,550.4,30,36,0,3.36,2.8,14,3,61,2,0.69,9.0
2400,34.69,5.1,55.2,34.92,1.0,1019.6,54.5,232.6,78,77,0,4.01,5.5,12,3,89,0,0.07,15.9
2401,37.93,14.9,85.5,22.84,0.35,1002.9,163.8,553.0,1,-1,0,3.47,0.0,0,0,58,2,0.69,4.0
2402,35.12,4.0,62.1,35.76,0.16,1012.1,39.8,238.3,5,1,0,3.83,0.0,22,3,90,0,0.06,14.5
2403,33.81,2.9,58.0,42.49,0.22,1002.7,64.9,232.5,5,4,0,3.99,0.0,6,0,90,0,0.04,20.2
2404,33.93,2.3,66.4,43.98,0.21,1013.8,71.7,226.6,4,1,0,3.84,0.0,22,3,93,0,0.02,21.4
2405,34.57,8.5,69.7,27.42,0.53,1010.3,98.0,320.8,5,-3,0,3.67,0.0,5,2,82,1,0.33,8.1
2406,34.38,5.4,64.0,45.29,0.62,1012.6,41.3,227.8,40,40,0,3.98,3.9,9,0,98,0,0.07,24.2
2407,40.3,14.4,42.0,26.46,0.38,1016.6,249.3,555.2,1,9,0,3.47,0.0,7,2,55,2,0.55,7.1
2408,35.15,6.2,57.3,32.18,0.3,999.2,49.7,232.1,10,11,0,4.1,0.0,18,1,90,0,0.08,11.8
2409,33.84,4.0,63.8,45.48,0.14,1021.8,42.6,227.2,3,2,0,4.14,0.0,22,3,92,0,0.01,22.4
2410,24.52,-13.1,91.6,17.81,0.22,1009.0,345.6,642.6,3,87,1,3.02,1.9,5,0,16,3,0.94,0.0
2411,36.68,5.5,76.8,31.97,0.61,1021.0,129.6,201.2,46,48,0,3.77,2.5,13,0,78,1,0.37,12.3
2412,23.48,-11.6,32.5,16.47,0.11,1004.6,332.5,569.7,8,64,0,3.25,1.8,13,3,16,3,0.85,0.0
2413,34.55,6.3,63.9,36.42,0.82,1001.1,66.2,241.9,52,54,0,3.86,7.7,10,1,94,0,0.11,16.8
2414,34.29,3.3,66.0,47.86,0.72,1015.4,52.3,212.2,47,49,0,4.16,6.6,8,2,94,0,0.11,26.9
2415,33.0,2.9,70.9,24.43,0.51,1007.0,99.5,209.8,5,20,0,3.72,0.0,7,3,70,1,0.31,5.5
2416,34.38,5.2,66.1,48.66,0.69,1002.0,57.7,230.8,40,42,0,4.1,7.2,10,0,97,0,0.04,27.5
2417,34.05,3.3,66.7,38.02,0.93,1014.0,33.0,242.9,63,65,0,3.94,7.0,15,2,88,0,0.07,18.6
2418,33.89,4.6,48.0,24.71,0.56,1021.4,105.4,351.7,2,-10,0,3.76,0.0,21,0,73,1,0.43,5.8
2419,32.93,0.8,71.8,29.27,0.58,1019.5,86.4,188.8,5,1,0,3.68,0.0,21,0,77,1,0.27,9.8
2420,34.27,5.7,65.3,34.19,1.0,1013.1,41.8,237.5,64,67,0,3.81,4.6,12,3,96,0,0.11,15.2
2421,34.33,5.5,55.7,40.26,0.19,1021.5,61.7,239.9,3,6,0,3.91,0.0,19,3,88,0,0.04,18.3
2422,33.95,3.4,65.4,43.47,0.89,1005.0,47.6,241.8,55,57,0,4.08,6.8,9,3,97,0,0.11,23.6
2423,32.41,5.4,77.9,24.43,0.46,1004.0,131.3,324.0,4,8,0,3.64,0.0,6,0,85,1,0.4,5.4
2424,27.18,-10.5,29.0,15.99,0.09,1013.8,281.1,706.6,1,36,0,3.17,0.8,12,1,23,3,0.88,0.0
2425,35.45,6.8,76.7,28.39,0.66,1014.1,109.9,288.0,3,3,0,3.54,0.0,20,1,79,1,0.23,9.2
2426,31.7,0.0,82.1,22.36,0.35,1012.0,218.8,476.5,2,-11,0,3.53,0.0,5,2,61,2,0.62,3.5
2427,34.47,4.1,60.5,41.86,0.17,1014.5,55.4,212.8,6,2,0,4.08,0.0,19,0,92,0,0.11,19.5
2428,34.06,4.2,55.7,40.57,0.88,1019.7,36.2,220.5,61,58,0,3.93,6.0,9,2,96,0,0.08,20.8
2429,41.11,18.6,90.0,20.87,0.21,1019.7,389.7,605.0,8,51,1,3.11,1.0,14,2,34,3,0.9,2.2
2430,34.47,4.9,55.0,42.67,0.73,1020.8,62.4,222.5,46,44,0,4.11,0.0,17,2,93,0,0.08,22.3
2431,33.46,6.9,48.5,31.26,0.5,1019.6,100.9,194.4,3,-10,0,3.65,0.0,19,3,83,1,0.39,11.4
2432,34.55,4.9,58.1,36.67,0.26,1017.4,72.2,215.0,8,5,0,3.92,0.0,7,3,94,0,0.08,15.5
2433,34.89,6.2,57.9,47.98,1.0,1019.7,43.4,243.7,91,89,0,3.91,4.2,8,3,94,0,0.08,28.3
2434,40.02,17.6,87.9,27.9,0.4,1013.2,251.8,442.9,0,-19,0,3.41,0.0,20,0,55,2,0.71,8.3
2435,34.87,4.8,68.8,35.29,0.45,1004.4,96.0,288.9,40,29,0,3.83,5.6,12,3,80,1,0.36,14.8
2436,34.38,5.2,66.0,46.34,0.26,1001.7,59.3,216.1,9,13,0,3.89,0.0,4,3,97,0,0.05,23.6
2437,34.25,6.1,60.1,48.51,0.27,999.9,47.0,224.5,4,8,0,3.82,0.0,2,2,89,0,0.06,25.5
2438,36.5,9.5,53.0,27.58,0.72,1013.8,128.4,191.1,28,19,0,3.81,2.8,9,0,72,1,0.31,8.5
2439,34.6,1.5,48.7,36.22,0.7,1014.3,128.9,310.3,0,-13,0,3.72,0.0,1,1,73,1,0.38,16.3
2440,34.94,2.9,58.4,32.76,1.0,1000.0,38.1,232.0,92,93,0,3.96,7.6,10,1,99,0,0.01,13.8
2441,24.0,1.0,93.9,18.33,0.14,1004.3,308.6,560.0,10,64,0,3.01,1.4,7,2,42,3,0.89,0.1
2442,34.0,5.4,69.3,25.34,0.71,1017.0,111.1,342.7,47,35,0,3.77,3.3,11,2,74,1,0.36,6.5
2443,34.18,6.0,59.0,49.62,0.24,1021.8,73.5,230.9,6,5,0,4.06,0.0,7,0,88,0,0.04,26.3
2444,34.3,3.8,67.0,49.37,0.17,1016.3,73.0,229.6,5,0,0,3.81,0.0,23,1,92,0,0.01,25.7
2445,32.76,3.8,68.3,37.15,0.65,1017.1,106.5,350.9,5,1,0,3.55,0.0,6,1,85,1,0.33,17.0
2446,34.11,3.1,67.8,31.58,0.22,1011.1,40.3,218.5,6,4,0,4.17,0.0,23,3,93,0,0.07,11.1
2447,34.54,3.5,51.1,32.46,0.59,1012.1,121.8,352.6,52,44,1,3.8,3.8,16,1,81,1,0.34,12.7
2448,34.91,3.3,64.0,49.12,0.19,1019.9,30.8,225.8,6,6,0,4.08,0.0,21,2,88,0,0.08,25.6
2449,41.77,4.4,91.6,18.65,0.06,1012.1,319.2,732.8,8,34,1,3.34,1.8,14,0,24,3,0.79,0.4
2450,22.13,-12.9,90.1,18.3,0.06,1003.7,349.9,660.4,7,54,1,3.28,1.6,1,3,12,3,0.94,0.1
2451,34.56,6.3,63.1,46.66,0.19,1007.5,60.3,214.2,4,-1,0,3.87,0.0,3,3,98,0,0.08,23.6
2452,40.71,-1.1,33.8,20.94,0.13,1015.0,332.3,646.7,7,38,0,3.12,0.9,20,2,16,3,0.86,2.2
2453,34.76,2.8,66.6,46.2,0.58,1020.4,63.8,210.4,40,36,0,3.88,0.0,17,1,90,0,0.02,24.8
2454,34.93,5.3,60.0,42.1,0.13,1001.4,47.0,234.4,5,0,0,4.01,0.0,1,3,89,0,0.08,19.6
2455,34.84,3.3,67.8,31.35,0.18,1001.9,51.3,211.3,2,3,0,3.99,0.0,4,2,96,0,0.06,10.9
2456,33.86,5.7,61.0,40.36,1.0,1006.3,66.3,210.9,82,81,0,4.07,7.5,8,0,95,0,0.08,21.1
2457,35.02,5.7,60.6,39.9,0.96,1012.1,44.9,232.0,69,69,0,4.08,5.7,12,2,99,0,0.06,20.5
2458,36.47,8.0,52.5,35.74,0.51,1003.2,86.3,198.5,4,7,0,3.67,0.0,23,2,82,1,0.27,15.4
2459,34.98,5.6,57.5,30.57,0.25,1004.3,69.5,210.9,10,7,0,3.81,0.0,1,0,95,0,0.05,10.4
2460,38.52,8.4,85.8,20.81,0.37,1000.2,254.8,449.5,9,10,0,3.55,2.7,11,1,56,2,0.49,2.2
2461,42.66,11.7,33.2,17.75,0.17,1005.3,387.4,722.2,4,31,0,3.31,0.2,5,3,23,3,0.81,0.0
2462,35.17,3.6,63.9,32.2,0.17,1021.1,65.0,242.3,4,0,0,4.0,0.0,22,1,96,0,0.01,11.6
2463,42.94,11.3,26.2,19.8,0.13,1008.4,320.1,764.4,7,55,1,3.16,0.0,21,3,25,3,0.86,1.3
2464,34.46,2.8,58.1,42.52,0.98,1010.9,69.4,239.4,67,70,0,4.17,5.4,13,2,95,0,0.04,23.0
2465,35.89,9.1,76.3,34.15,0.71,1014.2,109.3,370.1,0,-8,0,3.73,0.0,18,3,70,1,0.38,14.5
2466,36.64,5.4,52.2,32.54,0.55,1009.7,137.7,379.6,0,4,0,3.76,0.0,0,2,71,1,0.24,12.7
2467,34.63,6.2,56.0,51.49,1.0,1001.0,34.1,232.4,81,85,0,4.13,4.8,15,1,92,0,0.1,31.6
2468,34.57,6.4,64.9,31.18,0.29,1020.6,33.9,235.2,8,9,0,3.81,0.0,21,0,96,0,0.11,10.9
2469,34.08,5.0,65.6,31.35,0.32,1001.5,39.2,218.7,8,11,0,3.97,0.0,20,1,91,0,0.08,11.2
2470,34.39,4.8,60.0,30.45,0.2,1003.7,34.2,228.8,6,4,0,3.85,0.0,22,2,90,0,0.08,10.2
2471,34.81,6.2,63.3,33.71,1.0,1009.4,56.3,221.7,66,71,0,3.92,5.0,9,3,94,0,0.1,14.7
2472,35.09,3.2,59.4,38.65,0.28,1015.8,34.3,233.5,10,12,0,3.9,0.0,6,1,95,0,0.02,17.2
2473,34.8,5.0,66.0,41.35,1.0,1003.9,35.8,224.0,79,80,0,3.96,4.5,8,3,89,0,0.06,22.0
2474,33.43,4.1,72.5,35.28,0.57,1005.5,131.3,180.2,0,-4,0,3.75,0.0,22,1,85,1,0.44,15.1
2475,34.56,2.9,58.2,47.01,1.0,1006.7,38.0,225.2,71,74,0,4.01,7.0,14,2,90,0,0.11,27.4
2476,33.82,3.2,57.5,39.33,0.77,998.8,46.4,218.7,46,48,0,3.84,4.9,9,0,97,0,0.02,19.3
2477,34.22,2.8,74.4,35.47,0.51,1001.2,129.2,296.9,4,5,0,3.68,0.0,3,2,70,1,0.27,15.1
2478,34.42,5.3,61.4,51.9,1.0,1011.7,34.7,221.3,81,84,0,3.8,6.7,15,0,92,0,0.08,32.0
2479,28.77,-2.1,43.7,25.66,0.26,1005.1,235.7,503.3,10,0,0,3.55,2.6,8,0,55,2,0.69,6.3
2480,34.15,2.1,56.6,41.54,0.29,999.0,48.7,221.2,9,6,0,4.13,0.0,4,1,90,0,0.05,19.7
2481,34.56,6.0,63.7,30.3,0.31,1021.3,35.4,228.4,10,13,1,3.93,0.0,0,0,96,0,0.03,10.2
2482,35.77,8.2,50.6,24.86,0.68,1015.0,88.3,185.7,49,36,1,3.77,3.9,16,3,75,1,0.24,6.0
2483,22.68,-15.6,90.8,17.12,0.19,1014.7,416.7,565.6,9,37,0,3.04,1.5,14,3,17,3,0.9,0.0
2484,33.96,5.2,75.7,31.83,0.66,1000.1,100.5,201.1,44,35,0,3.69,4.2,9,1,80,1,0.27,12.3
2485,35.58,2.5,48.2,31.22,0.51,1000.0,140.2,193.7,1,14,0,3.58,0.0,19,1,73,1,0.33,11.4
2486,35.14,3.7,62.2,39.01,0.2,1020.4,46.5,210.6,4,8,0,4.05,0.0,19,0,98,0,0.02,17.3
2487,34.59,6.3,63.2,47.18,1.0,999.7,37.1,211.5,69,73,0,4.06,5.0,9,0,96,0,0.1,27.5
2488,34.03,2.4,58.6,42.91,0.21,1010.4,65.2,220.5,9,8,0,4.13,0.0,19,0,96,0,0.06,20.5
2489,36.03,6.4,49.4,24.32,0.57,1014.5,97.1,285.6,60,66,1,3.7,3.5,12,2,80,1,0.42,5.4
2490,35.19,6.8,66.8,30.54,0.29,1014.7,64.2,240.6,8,11,0,4.11,0.0,21,1,88,0,0.09,10.4
2491,34.1,5.6,66.1,51.59,1.0,1014.6,42.3,216.6,79,84,0,3.81,0.0,17,0,93,0,0.02,31.7
2492,29.08,-8.0,84.8,28.98,0.46,1010.8,196.0,554.6,27,38,0,3.45,2.1,12,3,46,2,0.55,9.4
2493,34.55,6.2,55.4,30.81,1.0,998.3,57.8,240.1,83,78,0,3.9,6.0,10,3,98,0,0.08,12.0
2494,34.02,2.3,57.5,40.05,1.0,1018.4,44.2,240.4,70,70,0,3.96,6.6,8,1,90,0,0.08,20.8
2495,24.14,-10.4,92.1,14.17,0.21,1005.4,353.6,766.4,8,76,0,3.09,1.9,12,2,17,3,0.88,0.0
2496,33.86,3.4,55.7,37.49,1.0,1010.2,45.5,219.1,81,80,0,4.04,5.4,16,3,98,0,0.07,18.3
2497,34.95,4.9,64.0,34.66,1.0,1012.2,44.0,211.2,82,83,0,4.03,5.3,9,3,89,0,0.02,15.6
2498,34.7,6.1,66.1,36.15,0.23,999.8,46.4,231.6,7,11,0,3.84,0.0,20,0,98,0,0.03,15.0
2499,39.52,7.5,78.1,27.84,0.32,998.1,170.8,517.1,3,27,0,3.41,0.0,21,3,62,2,0.7,8.2
2500,34.1,2.4,47.0,37.57,0.53,1008.0,112.0,194.1,4,-5,0,3.74,0.0,18,2,76,1,0.33,17.0
